date,Asset1,Asset2,Asset3,Asset4,Asset5
2015-12-17,0.0035228382297312396,0.0022935150125591498,0.0006594403557424788,0.0005629091004910507,0.002106816316186603
2015-12-18,0.0039051361543071543,0.002178351203389403,0.00045831438303568827,-0.00010840605808036416,0.0028295166921073842
2015-12-21,0.0043301733387370415,0.0021407957779306565,0.00030094209204156453,-0.0004835092636963482,0.0033103500305330645
2015-12-22,0.004714338638244645,0.0020109447036275666,0.0001847350575557746,-0.0008858112132856589,0.003765285671256884
2015-12-23,0.005057640006311637,0.0020036838922272188,-5.901958944899135e-06,-0.0011885975129567587,0.004160500014592838
2015-12-24,0.0053213596885096845,0.0022788118052865128,-0.0003757619477477747,-0.001091766383012785,0.00435035568648202
2015-12-25,0.00545059778979353,0.00242045892520894,-0.0005104710719475352,-0.0009168934629393831,0.004364256155162351
2015-12-28,0.00560989634198026,0.002754812018326901,-0.0007830366539250001,-0.0006838207308099713,0.004400126107241787
2015-12-29,0.005754503765332757,0.0030189543333427565,-0.001127220333715316,-0.0006286075022032567,0.004512481063931184
2015-12-30,0.005956613891848266,0.0032302681853554407,-0.0014061135506183097,-0.000652013963296248,0.004714632725350947
2015-12-31,0.006012063865730898,0.0033211905895044404,-0.0014688377602691317,-0.0005736247529526855,0.004723240484099703
2016-01-01,0.0059947420626219735,0.003455432376624984,-0.001558854844414801,-0.0004485923021763573,0.00468672908599468
2016-01-04,0.005913819850619965,0.0034030971491530154,-0.0015322789433057963,-0.0004371299626526685,0.004650336728738384
2016-01-05,0.005886450235861032,0.0032665311675394632,-0.0014676173012490201,-0.0005201895389491593,0.004675632067249258
2016-01-06,0.005950217590804237,0.003132950785760895,-0.0013972546499883911,-0.0006261936539382289,0.004743070769222157
2016-01-07,0.005945582050958527,0.0029500152447292645,-0.0012769559210266451,-0.000730167367094437,0.004764760860178874
2016-01-08,0.0059242036243954315,0.002751528864804802,-0.0011362544241520168,-0.0008294148513962553,0.004769801962731351
2016-01-11,0.005869914635723985,0.00257518171663961,-0.0010338617705450807,-0.000934887072928592,0.004778531773888477
2016-01-12,0.0058093754576174364,0.0023882858429352246,-0.0008851816511921195,-0.0010063454870474925,0.004754487384220752
2016-01-13,0.005709428338044252,0.0022625902568626723,-0.0007786222420753791,-0.0010099654698867287,0.004687523528454789
2016-01-14,0.0055644640155396415,0.0021276098794260775,-0.000618200048022924,-0.0009566366242262379,0.004551274694424824
2016-01-15,0.005386976858230106,0.0019743782805467978,-0.00042616583400801824,-0.0008862312375325782,0.0043797134030066085
2016-01-18,0.0051891652150506265,0.0018213995752080583,-0.00021930869871372754,-0.000796661142271633,0.004183520772832433
2016-01-19,0.004990463613187872,0.001668925465496434,1.6772222300361536e-07,-0.0006969455365480518,0.003975348788965916
2016-01-20,0.004792652123230286,0.0015017700549264034,0.00024062476362054342,-0.000597504539053229,0.0037594864372823677
2016-01-21,0.004625299853892088,0.001313380612662956,0.00044570521458455674,-0.0005747816897956866,0.003612133351175106
2016-01-22,0.004429677149621124,0.0011716075130618975,0.0005994407278092465,-0.0005343969161645192,0.003463230286492774
2016-01-25,0.00421825146761023,0.0009877132516535197,0.0007965061572290283,-0.0004897468183476978,0.0032867366136088284
2016-01-26,0.004034070144349165,0.0008191772929688638,0.0009843789198544306,-0.0004436625227640877,0.0031227605515820912
2016-01-27,0.0038620510291646967,0.0007281505927822841,0.0011134884143574005,-0.00038919992450830743,0.0029854001995908417
2016-01-28,0.003721295338574258,0.0006579233085204131,0.0011846839277972938,-0.0003767067672291586,0.0029046701761145438
2016-01-29,0.0036044003289961817,0.0005611434268864503,0.0012902483857880824,-0.00037270652004376927,0.0028240183049244054
2016-02-01,0.0034873041960320154,0.0005067422578045732,0.0013751885164572566,-0.0003239816960726436,0.0027186227116421835
2016-02-02,0.0033686148951838106,0.0004737667504356971,0.0014506770110805907,-0.0002581782866884823,0.0026054389713568724
2016-02-03,0.0032422792859581424,0.00043068884892551857,0.0015218622107515806,-0.0002051140473635627,0.002499752473743631
2016-02-04,0.0031549477204365606,0.0003972067306021712,0.0015574915077981623,-0.00017519890051772517,0.0024403317048821115
2016-02-05,0.003048293395886438,0.0003983541374214262,0.00157410618290695,-0.00011655337597492922,0.0023627943631328156
2016-02-08,0.002939357620377241,0.00038913979532068327,0.0016038371152212812,-5.6827453771514115e-05,0.0022792809030856087
2016-02-09,0.0028322543669476127,0.00038039798358408103,0.0016118063534518385,-2.077123962271702e-05,0.0022157063729661853
2016-02-10,0.0027631556757950447,0.00035951310679154484,0.001637016193233996,4.593355514770429e-07,0.0021666591274845815
2016-02-11,0.002697276746409619,0.0003599087909612482,0.0016360209088170888,1.9540899129507162e-05,0.0021289461179056684
2016-02-12,0.0026443909062350986,0.00036878428224574624,0.0016160795230504383,2.7472291064958933e-05,0.0021100431369737707
2016-02-15,0.0026043577447271635,0.00039012307300063476,0.001575542098569723,2.1678609046683693e-05,0.002109750260577698
2016-02-16,0.0025552734089360376,0.00042416520260650796,0.001521051768385287,2.2122731054403766e-05,0.0021081015216534212
2016-02-17,0.0025196337805033055,0.0004509926787278698,0.0014586724112927187,5.143068884526485e-06,0.0021292389359386546
2016-02-18,0.002465759791027216,0.0004735077471848554,0.0014171239575151442,1.2198860027093587e-05,0.0021229215918877357
2016-02-19,0.002414178311741598,0.00047308160379693035,0.001395274476124941,6.843427926672498e-06,0.002116503482206986
2016-02-22,0.0023766847774508997,0.000501445156121086,0.0013368376316010148,-4.130243839105201e-06,0.002126897870951374
2016-02-23,0.0023303806372370634,0.0005412597654001915,0.0012675090993857678,-8.236399217917917e-06,0.00213430316014609
2016-02-24,0.0022634161733406143,0.0005623657699051577,0.001221193347295564,6.022286762470896e-06,0.0021118359390434535
2016-02-25,0.0021806682556736205,0.0005729924342098282,0.001199835554998008,3.6286223268862665e-05,0.002065362929812228
2016-02-26,0.002106749217009456,0.0005922562884057431,0.0011688850211753676,6.635987045725947e-05,0.002026423228254763
2016-02-29,0.002049715349484931,0.0006136026241418939,0.0011371040575453642,9.191792385690503e-05,0.00199646358246042
2016-03-01,0.0020196918310837774,0.0006413452129526701,0.001100030756312773,0.00011061225473334606,0.0019819689711254892
2016-03-02,0.001965588851533908,0.0006671652748302615,0.0010710235465612964,0.00014389506390861178,0.0019494256664517673
2016-03-03,0.0018865486064448818,0.0006916762081895539,0.001055522770501556,0.0001974132224087071,0.0018915015169959214
2016-03-04,0.0018370519830660577,0.0007083774193521188,0.0010360162442104386,0.00022567611348110682,0.0018602337031228763
2016-03-07,0.0017977134160871203,0.0007359896546945355,0.001019883171618608,0.0002699495433662859,0.0018225517640201852
2016-03-08,0.0017773967173440356,0.0007736053665155802,0.0009876080603190781,0.00030453483594529814,0.0018033848970559995
2016-03-09,0.0017568440636869776,0.0028279304540588016,-0.0017655249640428571,0.0003169153778064488,0.0018087606174709212
2016-03-10,0.0017519925791601668,0.002633085406564551,-0.0014013601135548818,0.00031612467736926044,0.0018253092619425239
2016-03-11,5.819916558289645e-05,0.0030533774283021653,-0.0018687032116059287,0.00032187679057538935,0.00184132076173778
2016-03-14,4.7475858414065255e-05,0.0027020668989315793,-0.0014586836050761577,0.00034073748377583485,0.0018308376194645852
2016-03-15,0.00016229439035606833,0.0026102984311219104,-0.0014763227464969762,0.0003483923889686239,0.0018320672605039996
2016-03-16,-0.00021494391549744607,0.0026770263685519597,-0.001349290376959949,0.00036778630779648637,0.0018206250257110628
2016-03-17,0.001414678604151171,0.0031073330692266655,-0.0015513427051798937,0.0003717124619843212,0.002063717070126199
2016-03-18,0.002023950752705848,0.0031661350604036504,-0.0012857556651964914,0.0003684742559313805,0.002897329447499525
2016-03-21,0.002249602176271415,0.002962251362983094,-0.000903065194553418,0.00045288826628400887,0.0029538406318336753
2016-03-22,0.002534342229384538,0.0031349055007682744,-0.0009660116991212302,0.000388268310507132,0.003008698673259564
2016-03-23,0.002890364451627694,0.0029496638978392803,-0.000741194010649921,0.0003273279818989016,0.003108991472026046
2016-03-24,0.003425536397009471,0.00308008358200076,-0.0008830400252860072,0.00025454507726995406,0.0033979348082723046
2016-03-25,0.003717261193880805,0.003091136108180726,-0.0009254723297873775,0.00012533636259726713,0.0035305974274019948
2016-03-28,0.004463712111551332,0.0028911771075325983,-0.0007780226342548474,-1.9175374197434613e-06,0.003802974820536148
2016-03-29,0.005083371132119185,0.00267191264402637,0.0007754992307807811,-0.0005512081950609083,0.004712361559888132
2016-03-30,0.004797554491386337,0.00152694402604415,0.0007833037877927823,-0.0008406012687160727,0.004417778771154662
2016-03-31,0.00556820805823676,0.001087712844748952,0.0007872171482473147,-0.0009276925847959154,0.004727242771989198
2016-04-01,0.0054733160520185255,0.0010967961507435194,0.0007897110357897847,-0.0008521709972436104,0.004584210177018224
2016-04-04,0.005267799166296892,0.001103195089228896,0.0007883089020166924,-0.0008293084936277276,0.0044840790326276785
2016-04-05,0.0047297173809194865,0.0011024266585957497,0.0008020315570671771,-0.0006398192962549648,0.004116007809839381
2016-04-06,0.0041964349235256125,0.0010774660600537962,0.0008375742605097001,-0.00037498530048478055,0.0033282535531017343
2016-04-07,0.004122918380429113,0.001065779437743092,0.000864893359551049,-0.00023496274822843485,0.0031335881095235683
2016-04-08,0.0036266069269849056,0.0010359961234954508,0.0009260399199228718,8.705731116227268e-05,0.002564616552395082
2016-04-11,0.0036148223966234495,0.0010198508300303466,0.0009779726955851966,0.00016696329451129521,0.0019749476380837485
2016-04-12,0.003188698214153508,0.0010184579983963144,0.0010232182331436203,0.00038666769821342077,0.0019038843025260624
2016-04-13,0.0029170213713972074,0.0010094384222117652,0.0010843317906801685,0.00044665314492358185,0.0018369716153531642
2016-04-14,0.0022606973248410155,0.000995803726951415,0.001158466943691304,0.0005144243414291056,0.001762417087092159
2016-04-15,0.002121878237152234,0.0009785919617989226,0.0012338523153446477,0.0005788913200289062,0.0016898861428011893
2016-04-18,0.0020102936981277767,0.0009456953835628379,0.0013176524559492093,0.0006302285415384032,0.00162372923898689
2016-04-19,0.0019013181963296792,0.0009155979912460092,0.0013998073820264663,0.0006856056228401058,0.0015530474517075718
2016-04-20,0.0018779601400325887,0.000888880975886485,0.0014778691321783231,0.000738136356348835,0.0014886226557925763
2016-04-21,0.001855217704665617,0.0008713090657843669,0.0015475740732097227,0.0007933615538047445,0.0014255814600308888
2016-04-22,0.0018274836292550686,0.0008478260971977775,0.0016193712969986183,0.0008431788294753696,0.00136268855198437
2016-04-25,0.00179969121530558,0.0008228648112569871,0.0016930396147671152,0.0008926247724378223,0.0012991157721304774
2016-04-26,0.0017709626715120945,0.0008100766752762278,0.0017626098450743398,0.0009542091851217063,0.001229424235252848
2016-04-27,0.001726597731030517,0.0008124104359146516,0.0018246164532214912,0.0010302596131216346,0.0011466175024857608
2016-04-28,0.0016917899955138382,0.0008143836544246787,0.001885124165887365,0.0011020521977606024,0.0010704839778739768
2016-04-29,0.001663116001388405,0.0008017639141467015,0.001952732874093769,0.0011600824859846223,0.0010021012592273323
2016-05-02,0.0016347930371655131,0.0007996361455281857,0.0020193906338074816,0.0012320801818347352,0.0009262682123565371
2016-05-03,0.0016088570949368294,0.0004350831584780479,0.0020810453037945044,0.001299890567298921,0.0008554367200761427
2016-05-04,0.0015896756549263836,0.0006613101184432797,0.0021214256708801155,0.0013641868695361144,0.0007985861658865241
2016-05-05,0.0015770609511427133,0.000706118744762388,0.0021684707715182187,0.0014172846713008161,0.0007476326927167863
2016-05-06,0.001561038873093154,0.000949890272783416,0.002191905172337929,0.0014772966675825993,0.0006999005133878731
2016-05-09,0.0015570928116959849,0.0009165861104584649,0.003209052959792272,0.0015283014976056376,0.000665097530578878
2016-05-10,0.0015633602607529591,0.0006734358802743209,0.003431650922847874,0.0015670457646809921,0.0006396275190864242
2016-05-11,0.0015788704801943947,0.0007264110084601418,0.003261696465610922,0.00159075417784313,0.00062893702191983
2016-05-12,0.0015819205481457331,0.0015742333062149605,0.001699434324981008,0.0016601914406866394,0.0006221379785331466
2016-05-13,0.0015859983910139338,0.0019491593328155212,0.0018041487631093504,0.001702107920415117,0.0006193216995929037
2016-05-16,0.0015944778913863475,0.0033432703922645357,-0.00039581330277874485,0.0022506556903126784,0.0006227744149649818
2016-05-17,0.001609916153740634,0.0035534228714977326,-0.00019975249356936993,0.0023161239623614056,0.0006326032953061981
2016-05-18,0.001619143816840637,0.003913653545058932,-0.00040385617383326784,0.002528783054775698,0.0006387394161273716
2016-05-19,0.0016359856990509373,0.003760743574159006,0.00024148674186825906,0.0024155344594813865,0.000653197603536138
2016-05-20,0.0016423583974085182,0.003838102784753778,0.0007194904384641198,0.003965575557301671,0.0006559832380962384
2016-05-23,0.0016402892422937019,0.004367705829994952,-5.410557545635578e-05,0.0028804864704028987,0.0006573135702192007
2016-05-24,0.001637701979293147,0.004592902124365009,-0.00033096011599465544,0.0026669584795675355,0.0006629699334637529
2016-05-25,0.0016438377002668497,0.0046958268386766725,-0.00028837113062416247,0.0027862190244999033,0.0006745385400923235
2016-05-26,0.001650538672615816,0.004952447222921394,-0.00089418690989859,0.002340121717795898,0.0006861109575147635
2016-05-27,0.001653820757616002,0.002231276033645798,-0.0007327937748066633,0.0025221689111985537,0.0006992256527728555
2016-05-30,0.0016678791903466737,0.0021530651433778044,0.0001389947287145396,0.0033757770459147767,0.0007231221134579456
2016-05-31,0.0016901321474805994,0.0018795468161512308,-0.0005140985920456128,0.003016435772840581,0.0007500940427786162
2016-06-01,0.001699957586882765,0.0019002006698348255,-0.0006766492627137738,0.0027086133728554847,0.0007622649374539635
2016-06-02,0.001698637005769472,0.001954143281893713,-0.0006887778686144779,0.0027391983050171213,0.000764835618041126
2016-06-03,0.0017093305495840194,0.0018033600499128177,0.0003379865423826414,0.0032735846129550686,0.0007787955216527006
2016-06-06,0.0017127708046198657,0.0018910831436582407,-0.0001788431777602921,0.0028217061692594535,0.0007877797505126456
2016-06-07,0.0017164272375193856,0.001994081754268168,-0.000675988645551976,0.002620988761410155,0.0007973839490548446
2016-06-08,0.001720525294535551,0.0020539842879896113,-0.0006992806522917369,0.0025703019433970372,0.0008063859354227628
2016-06-09,0.0017232171411256088,0.0023265284091980813,0.0016167846067946818,0.0027739217026506147,0.000807741793547928
2016-06-10,0.00172795704423335,0.002322767036482573,0.0016182012189300595,0.0027640551393106404,0.0008096187677436733
2016-06-13,0.001718128909932521,0.0025787784359885806,0.0016314722122540526,0.0018658905261512738,0.0007974030124212243
2016-06-14,0.0017102293144717292,0.0024076798527564915,0.0016424765355608593,0.0018950015302621641,0.0007872858067973968
2016-06-15,0.0017134165187972599,0.002316841029375502,0.001646899066661469,0.001837366208936019,0.0007853081702180495
2016-06-16,0.0017131035255022384,0.0021522920226183075,0.0016580421310232634,0.0017174048497849213,0.0007786333337815763
2016-06-17,0.00171614056950779,0.0019889701969018877,0.0016624106923105067,0.001747845328788917,0.0007752346932943396
2016-06-20,0.001721388047965093,0.0019337653669976177,0.00165997197015957,0.0016777985855346198,0.0007740911123677288
2016-06-21,0.0017350198946673168,0.0025206116563946898,0.0016463108681361806,0.0016709179441756926,0.0007819330983822128
2016-06-22,0.0017458958630209227,0.0031917828285035785,0.001630528192693945,0.0016570180082968577,0.0007912731196724523
2016-06-23,0.0017542035912429435,0.003363637680105268,0.0016137592017066585,0.0014606970285646398,0.0008043578259976081
2016-06-24,0.0017602131652281255,0.0035575606346166704,0.0016035919734991748,0.0014854906684978965,0.000812440861824908
2016-06-27,0.0017627536282576837,0.0029611598538591887,0.0015940351113906649,0.0014363829294078427,0.0008200768347485992
2016-06-28,0.0017592202934849427,0.0032187277111551567,0.0015826460057056823,0.0012430129026967571,0.0008250107588982872
2016-06-29,0.0017559305762505566,0.0031037598312304423,0.0015707308422766983,0.0013663787896627067,0.0008282421481739456
2016-06-30,0.0017576576964975481,0.0032085104182272535,0.001547039959199527,0.0013160391060359066,0.0008383541648711398
2016-07-01,0.001756793734199235,0.0031160726859455617,0.0015297525107553168,0.0013887638088532737,0.0008467282647407834
2016-07-04,0.0017581047558862957,0.0030830047389807432,0.0004498901876801736,0.0014129228987149476,0.000860241138784211
2016-07-05,0.0017589400950231643,0.0029246863794840858,0.00042611844898233424,0.0014456944239901693,0.0008726697599721571
2016-07-06,0.001756834909519131,0.002843581070355263,0.0004724558178254726,0.0014832417794929356,0.0008821229656252691
2016-07-07,0.0017532954275114945,0.0026484155462520647,-0.00020078279588473576,0.0015244791020696457,0.0008905429052849333
2016-07-08,0.00174445922903007,0.0027337528206325496,-0.0009694107043523761,0.0011060812916738744,0.0008924367077327666
2016-07-11,0.0017406359941344967,0.002358125470261901,-0.0003501180991237116,0.0012124346080674558,0.0008982308902847668
2016-07-12,0.0017397828526668788,0.0024302903068235257,-0.00035189900240396475,0.0012964800434668612,0.000905036157121372
2016-07-13,0.0017322252170587024,0.002204428124863267,0.00033691111093012995,0.0013916614839991908,0.0009060934506325217
2016-07-14,0.001720295851148,0.002040144042143594,0.00015819380868738252,0.0013874666545771255,0.000907245732094233
2016-07-15,0.0017121490367144013,0.0020970399288647843,-2.0329075091755217e-05,0.0012794426044010663,0.000910951720893561
2016-07-18,0.0017072280687862088,0.001901038594086393,3.8245426857563955e-05,0.0013094701483640685,0.0009171954156358212
2016-07-19,0.001701638847623172,0.0017119794971727407,0.000290814833487244,0.001323620775379546,0.0009192527446597065
2016-07-20,0.0016982933999730913,0.002273112524639525,-0.00017628204606513743,0.0012472543985993234,0.0009194229368138115
2016-07-21,0.0016980389907575145,0.0022174976611630203,-0.00036410382729139897,0.0017235974047994439,0.0009193052183401931
2016-07-22,0.0016988086228131778,0.0021936620340773714,-0.00012351915456343442,0.0017361408744267432,0.0009167634986092058
2016-07-25,0.0017019838369606833,0.002252522975700092,-0.00032859676214342347,0.0017471643902497267,0.0009169169193033583
2016-07-26,0.0017038937768875232,0.0022660600515683757,2.0505945762214076e-05,0.001752146103864227,0.0009181199591509312
2016-07-27,0.0017166919684311066,0.0023580619943253714,-0.0007088713254221129,0.0017474465031779786,0.0009295084326973665
2016-07-28,0.001734548941490555,0.0027561714805751448,-0.0020746572933481645,0.001739123473081139,0.0009462338741748146
2016-07-29,0.0017439735708948227,0.002761524767370617,-0.0022092829951527605,0.001740293718121654,0.0009550008637331112
2016-08-01,0.0017555863638771376,0.003112324275772348,-0.0027117212522405508,0.0017393133279720978,0.0009654326128712349
2016-08-02,0.001769899930885178,0.003149822831558418,-0.0026921910283955602,0.001733421308834743,0.0009787881402289742
2016-08-03,0.0017963150537564975,0.00317580987024461,-0.0026627724196409148,0.001720304119465408,0.0010029986062995916
2016-08-04,0.001824936216772161,0.002913469045271073,-0.002553819498363182,0.0016956656605230074,0.0010279248942747816
2016-08-05,0.0018511201371525466,0.0027481691498247615,0.001092324709114092,0.001669912489255263,0.0010497099915294478
2016-08-08,0.001876049173089727,0.0029289444463122634,0.0010785213338810895,0.0016122209369681592,0.0010748300858793892
2016-08-09,0.0018897105542511213,0.0027472467726785505,0.0010693477013920332,0.0015749763163673037,0.0010915274829758363
2016-08-10,0.0019071483481550332,0.003325562023312218,0.0010526260706023272,0.0015314023271320344,0.0011134289890104706
2016-08-11,0.001925720448968678,0.00332083496886085,0.001039283786852049,0.0012769438018741096,0.0011368278110070135
2016-08-12,0.0019390677656582916,0.003397536010560471,0.0010326551537653294,0.0011755227345044764,0.0011567045939901365
2016-08-15,0.0019481571241325864,0.002923547175648654,0.001028868894569635,0.0012088799865454165,0.0011726035202223278
2016-08-16,0.0019556910198241296,0.0030045657321129005,0.0010197819261834327,0.001210249471572909,0.0011899944017354528
2016-08-17,0.0019650522307560797,0.0031101164945585894,0.00101803567960769,0.0010333927047480405,0.0012103088893849422
2016-08-18,0.001972870993491929,0.0030133254475934908,0.0010144926295031162,0.0004920994965004592,0.0012324238303136356
2016-08-19,0.0019756459674763797,0.003040118679019226,0.0010085567400626209,0.0004273783109985771,0.001252071524246576
2016-08-22,0.001973833928908624,0.0027892545360039293,0.0010064263714449793,0.00034355041718713854,0.0012650648298409078
2016-08-23,0.0019719388930629867,0.0028223827185245394,0.001006404077085005,0.00022868981855847796,0.0012744902920796414
2016-08-24,0.001961700963676322,0.00223376823231426,0.0010166506900379049,-0.0001426003244814312,0.0012761749370982828
2016-08-25,0.0019468983736872232,0.0021812015509115783,0.0010300558297472253,0.0014272877754862288,0.0012723011048992154
2016-08-26,0.0019380714468988773,0.0016334519244537939,0.0010353298558082261,0.001411233737412384,0.001276376128504023
2016-08-29,0.0019294709856592454,0.001200190287532432,0.0010390972498012829,0.0014007711070419485,0.0012780924684109114
2016-08-30,0.0019106379466901206,0.0009754834786801032,0.0010429885901565644,0.0013990323763043502,0.0012710891932466348
2016-08-31,0.001878218329828003,0.000687264247972617,0.0010542641277909255,0.0014060897686871219,0.0012496224280973722
2016-09-01,0.001851414991083389,0.0009645729665753321,0.0013473123435189748,0.0014096837959083775,0.0012344953767725443
2016-09-02,0.001827187926360239,0.0008119029344380098,0.0010571827934203755,0.0014138193824632893,0.001222403219471475
2016-09-05,0.001804585606143951,0.0011551763681186484,0.0010574216436447877,0.0014197297438148376,0.0012092506649704704
2016-09-06,0.0017915411021265377,0.0010139231324565422,0.0014243095973065344,0.0014178716314790832,0.0012048864207081422
2016-09-07,0.0017758258476768018,0.000862609735014184,0.0015817496987696551,0.0014214561018555932,0.00119526408727213
2016-09-08,0.0017567127192394559,0.0009783126044681466,0.0016637829940297968,0.0014308651615703915,0.0011822952344597893
2016-09-09,0.0017402603410604002,0.0007985485740005002,0.0017837693355016908,0.001441420861143945,0.0011698976590210563
2016-09-12,0.0017259553872851538,0.0009691993760166245,0.0017667388336885395,0.001454705174782298,0.001156603891814928
2016-09-13,0.0017099608214087836,0.0010248538731030396,0.0017358566619961537,0.001470098441543632,0.0011419768645760076
2016-09-14,0.001691156091073916,0.0012432111623693041,0.0017455235199057852,0.0014894727047349587,0.0011242609022388014
2016-09-15,0.0016734373106660452,0.0013674242027816319,0.0010804795190816642,0.0015108528873287203,0.0011048570041918126
2016-09-16,0.0016618101240271678,0.0010727961599029806,0.001085425894541957,0.00152135035965384,0.0010944519417034034
2016-09-19,0.001651573981576913,0.0010744880039919899,0.0010854296622519743,0.0015302627690839657,0.001087439621197814
2016-09-20,0.0016455400887031987,0.0010895571887645508,0.0010864426626709797,0.0015357230354923386,0.0010835591128617182
2016-09-21,0.0016406658719314432,0.0010524218251200307,0.0010919881069075656,0.0015434406814152282,0.0010780821696249807
2016-09-22,0.0016349976774905721,0.001173255972507765,0.0010951838524359786,0.0015508528924872231,0.0010731047367438865
2016-09-23,0.0016321046774549844,0.0014403290104967551,0.0015222659050506985,0.0015581895591062023,0.001067864705946416
2016-09-26,0.001633966168499266,0.0017728530314093365,0.0016316963098203885,0.001557522937532426,0.0010690712230862992
2016-09-27,0.001641268852460942,0.0017739097104733413,0.0016604284425442498,0.0015542027397662409,0.0010760434059096445
2016-09-28,0.0016540424593721838,0.0017790726156967605,0.0016302074304883445,0.0015466844502253433,0.0010905226912955744
2016-09-29,0.0016621113991720018,0.001783390475059808,0.0016539544266560237,0.0015425924419697886,0.0011001202338725045
2016-09-30,0.0016695906495140433,0.001786216294917141,0.0016517239350556157,0.0015360964663896515,0.0011110579123350965
2016-10-03,0.0016800295587513212,0.001789928404404889,0.001081097095645097,0.001528495452745181,0.001124028576249934
2016-10-04,0.0016841465079509088,0.0017949528686144103,0.0010731893094911705,0.0015235504156258662,0.0011333164230032246
2016-10-05,0.0016884714944947813,0.0017981558985386017,0.001064537245417091,0.0015155780285325171,0.0011447937233940958
2016-10-06,0.001696164958650149,0.0018046848645978607,0.0010537722979713953,0.0015090649879748177,0.0011576624954116035
2016-10-07,0.001703551661271936,0.0018081734097486176,0.001043096821119691,0.0014986470501749834,0.0011726541746421707
2016-10-10,0.001711317891649256,0.0018133028432547238,0.0010274265693484032,0.0014856466202085362,0.0011912855622117084
2016-10-11,0.0017217537311774542,0.0018173422888675427,0.001013195502422191,0.0014716126960422006,0.0012108408537535318
2016-10-12,0.0017288454394108537,0.001821987132935496,0.0010022683428079077,0.001462952703819025,0.0012256182912515825
2016-10-13,0.001728314499786883,0.001821205748246065,0.000994919884619385,0.0014534567487971457,0.0012368263657966472
2016-10-14,0.0017267400846237228,0.0018253703628659252,0.0009818901521913173,0.0014505891860210473,0.001245893080826978
2016-10-17,0.0017258777340041318,0.0018231392324107164,0.0009741670632364944,0.0014445538784606045,0.0012551576300049317
2016-10-18,0.0017180521205444378,0.0018239645095473767,0.0009661253556017649,0.001445087133098809,0.001257869432300245
2016-10-19,0.0017095912056045038,0.0018288947371524493,0.000951196700947127,0.0014432853013010914,0.0012639422294496534
2016-10-20,0.0017008209881725434,0.0018293486808425858,-0.0005948555903668219,0.0014424051539410833,0.0012671361613358716
2016-10-21,0.0016910161218127184,0.002086475545589258,-0.0005022781012745419,0.0014435452364542506,0.002935202272068797
2016-10-24,0.0016726979619964154,0.0022402630201228237,0.00016981627513521305,0.0014479393150743966,0.0012623155979884103
2016-10-25,0.0016567265013269939,0.0022095807934128762,0.00014610352007292848,0.0014510621770858748,0.0012566116610192508
2016-10-26,0.0016395486630505533,0.002290427101531399,-7.163907308830155e-05,0.001455816217094618,0.0012477572426979012
2016-10-27,0.001623295028597506,0.002233964587296212,0.00010763592959217583,0.0014599364709163057,0.001960216176909772
2016-10-28,0.0016127993391833076,0.0022739031175831015,-5.8251103629187854e-05,0.0014594953285993007,0.0020375564373938896
2016-10-31,0.0016006267784891676,0.0018323944429497893,-0.00017427600433699909,0.0014572067352336129,0.002063443439490352
2016-11-01,0.0015934491351075571,0.0018380092550600705,0.0006301431191621987,0.0014614602001004667,0.0016093992742000334
2016-11-02,0.0015872546517936006,0.0018393866133650757,0.000784246754532137,0.0014652891698653326,0.0015370090130446454
2016-11-03,0.001581497458813304,0.0018312626234138502,0.000874302148573331,0.0014621199026172745,0.0013005092070837224
2016-11-04,0.0015795826631145144,0.0018272291268257364,0.0005299789018992073,0.0010784186760299345,0.001557768171891009
2016-11-07,0.0015765283045405694,0.00181962395327993,0.0007303876424811544,0.0012158246784405302,0.0013458740121644192
2016-11-08,0.0015755663151044328,0.0018088991345477823,0.0008728002012637931,0.0011375505992335187,0.001267402872450721
2016-11-09,0.0015765865205724595,0.0018006250794931082,0.0004454651924398217,0.00084236085241383,0.0019318628957364263
2016-11-10,0.0015797767359831333,0.0017913193280986945,0.0004347238168268217,0.0003112804914186969,0.0021340851008769695
2016-11-11,0.0015793243329649505,0.001785276657929721,0.0008932668593830918,0.00019643411145673457,0.0022595696799711735
2016-11-14,0.0015788421481134067,0.0017790445440179117,0.0008877816658352191,0.00012761019607916658,0.0023245749475864818
2016-11-15,0.001580724959992313,0.0017710743651802212,0.0008816304728369161,0.00032149433428707856,0.002213113830899471
2016-11-16,0.0015836724488392567,0.0017600921046287182,-0.0010444025762110793,-0.00040245739318220397,0.0032746509785274757
2016-11-17,0.00159028549046871,0.0017483352000549211,0.0008726039526082436,-0.0005370532519147916,0.0033262072335920245
2016-11-18,0.0015940192507586937,0.0017368154729077024,0.0008679504474147797,-0.0009037497760981954,0.003713934935246609
2016-11-21,0.0016038503738057923,0.0017272091521694732,0.0008606570441262284,-0.001128442993328469,0.0038965440337172886
2016-11-22,0.0016098793522255478,0.0017158012454233248,0.0008538559713098369,-0.0010577829743678238,0.0037266543629154705
2016-11-23,0.0016121396429091845,0.0016999425706144145,0.000852813650191597,-0.0015536411546322863,0.004318559847957139
2016-11-24,0.0016150369702943666,0.0016832546650881995,0.0008532259622533264,-0.0018007610834070258,0.004444549882935146
2016-11-25,0.001616571033787179,0.0016696983752235196,0.0008516849989458387,-0.0018058619493302832,0.004336714870612149
2016-11-28,0.0016167045686224467,0.0016579151949743722,0.00084717938161556,-0.0021151435141561594,0.004657017879392447
2016-11-29,0.001610844909446913,0.0016383353538937185,0.0008517148678266312,-0.001859085620888345,0.0043533918384557335
2016-11-30,0.0016020739357593045,0.0016167555286694597,0.0008575784028409222,-0.0017737056448770651,0.004318313889565353
2016-12-01,0.0015958445603931955,0.0016014740247463515,0.000860747079997429,-0.0016489316326989874,0.0041438946363300585
2016-12-02,0.0015914938157105926,0.0015855557000003905,0.0008653425516550671,-0.0019691987568463904,0.004465959103197637
2016-12-05,0.0015852550521012298,0.0015723774906799914,0.0008677181550992498,-0.0019432225298005828,0.0037601730290144257
2016-12-06,0.00157566801172366,0.0015622714711559503,0.0008720657754318766,-0.0016985404145619361,0.0035676404172381975
2016-12-07,0.0015679472342966796,0.001551162958205189,0.0008783817570957017,-0.0015616279334663321,0.0034723582530994572
2016-12-08,0.001562824677234695,0.0015429136660811715,0.0008825079348566978,-0.0011779060705282792,0.002634775173323169
2016-12-09,0.001563387565366761,0.001534661464489473,0.0008865344704570477,-0.0010988339613331878,0.002627386001033056
2016-12-12,0.001564555683398589,0.0015216694592516291,0.0008936450808137017,-0.0009029642266768082,0.0025908171929603947
2016-12-13,0.0015657642323067666,0.00021888808612628577,0.0009013340793304598,-0.0007114969111143411,0.0023596896500890905
2016-12-14,0.0015659084220190562,0.00037494598578030613,0.0009072813822673703,-0.000602154485369658,0.002327540818948411
2016-12-15,0.0015642102484669748,0.00038350268591193725,0.0009085446907933981,-0.0006565736223898184,0.0023380914916626616
2016-12-16,0.0015664922491681506,0.00032425099085719327,0.0009075972409336433,-0.00059452628510444,0.0023427103755548793
2016-12-19,0.0015650061098687984,0.0005479144348158475,0.0009093654192037659,-0.0003112377166449155,0.002263231047094555
2016-12-20,0.00156546429169015,0.0005388956570098755,0.0009085500884839222,-0.0004525332434141122,0.0022999867452446685
2016-12-21,0.0015673197513257939,-0.00031658114834728977,0.0009029586425049139,-0.00022592234569891582,0.0017741064300670658
2016-12-22,0.0015699055032097691,-5.672054245026538e-05,0.0008981546947873857,0.00015092086990736893,0.0017037837787114343
2016-12-23,0.0015714943680402388,-6.442376839151478e-05,0.0008950675151302027,0.00014628014584929948,0.0017234981015338206
2016-12-26,0.0015737756582057956,0.0003898029037946542,0.0008925407258358554,0.00020026395567419495,0.00171161760764025
2016-12-27,0.001580155287754527,0.0005621126307083699,0.0008869270160405416,0.00035751963397145947,0.0016798106611368897
2016-12-28,0.0015878292245458845,0.0006303159656363989,0.0008773310686537466,0.00030208692476033246,0.001720160348853043
2016-12-29,0.0015920850942849275,0.0006010453968066281,0.0008694719249617199,0.00035804794712303214,0.0016420684032951685
2016-12-30,0.0015959272651953837,0.0006779980421376334,0.00085927494734408,0.000466572145640838,0.0017476758526195771
2017-01-02,0.0015995606275483077,0.0009430022789834733,0.0008529808878773245,0.00043126019800975664,0.0017957341715396456
2017-01-03,0.0016018280611158498,0.000961990712762705,0.0008455895550683001,0.0002755611159505276,0.0018566138809412614
2017-01-04,0.0016043758782562218,0.0008686480802394139,0.0008345521803319497,2.588403199451641e-05,0.0019451298626900614
2017-01-05,0.0016096000205070154,0.0005862956575274941,0.0008251480181851993,-0.000299923934114515,0.0022424576082226665
2017-01-06,0.0016137423521890846,0.001507159533997921,0.0008150345733345101,-0.00034569089141578717,0.002208013733212561
2017-01-09,0.0016146703411626991,0.0008665929397936724,0.0008053031583303409,0.0003645813661151547,0.0015260049008075636
2017-01-10,0.0016192794681758691,0.0009545890028997612,0.0007940525845950714,0.00027003862209876736,0.0017045796102877393
2017-01-11,0.0016230300915333468,0.0009756281380028874,0.0007831101477474355,-0.0003519073447802671,0.0023210737791174874
2017-01-12,0.0016271746138531358,0.0009511043468120432,0.000775772594757572,-0.0005439321699172876,0.0025206998780329627
2017-01-13,0.0016307839553306425,0.0009281548047489599,0.0007710628536472174,-0.0006975212019781917,0.00257277340510704
2017-01-16,0.0016331140056058018,0.0008349257122892387,0.0007724455875433652,-0.0008444835024438114,0.002751557119358724
2017-01-17,0.0016349985192069684,0.0007849227516693573,0.0007779367503171442,-0.0007893592849799687,0.0027646460667974278
2017-01-18,0.001640634930542681,0.0009320386478724933,0.0007799317426078539,-0.0004195745084343241,0.002578878689456073
2017-01-19,0.0016467380355434328,0.0008258945026826546,0.0007820338320827202,-0.0005298757058911501,0.002656133794578362
2017-01-20,0.0016525712605717472,0.0007932291059656504,0.0007839107320886013,-0.0005600576367988433,0.0026788331711433506
2017-01-23,0.0016599427739784566,0.0007964819320683395,0.0007895646452193926,-0.00046208162492816416,0.002726942649523424
2017-01-24,0.0016648202956379555,0.0007375905015448842,0.0007925405649096198,-0.0008274216524413132,0.0031103346834022937
2017-01-25,0.0016715926725361292,0.0007397296597889713,0.000796615087499965,-0.0009578344917231347,0.0032553056452489654
2017-01-26,0.0016758561770811192,0.0006367407916918171,0.0007994761988477905,-0.0010320212272737126,0.003405716960833249
2017-01-27,0.0016790537021688062,0.0008012436213341507,0.0008019132864545121,-0.0007402734294015957,0.003179400024679575
2017-01-30,0.0016814030534084393,0.0009234782201655136,0.0008050201158099059,-0.00041038645718459964,0.003012443190050792
2017-01-31,0.001685176634970064,0.001015609123397823,0.0008066090020314979,-0.00023355813563392925,0.0030011753401875934
2017-02-01,0.001689438165855796,0.0010793368654099034,0.0008108707781296858,-0.0001645357092868074,0.0029349625968369533
2017-02-02,0.0016916835506712714,0.001217148972123982,0.0008116426670987744,9.19964486140526e-06,0.0030022930827458653
2017-02-03,0.0016950709801178087,0.001376908464670242,0.0008143099960307574,3.5641576199264184e-05,0.0029920893193469875
2017-02-06,0.0017002244981028087,0.0015841656750143613,0.0008130761717349382,0.0001306525005220344,0.0028861549053143544
2017-02-07,0.0017008602968971674,0.0016502434911935357,0.0008138817041942408,0.0003879569978861481,0.0020398724774984248
2017-02-08,0.0017076367250764342,0.0017759502277993819,0.000811160614373309,0.0005008221732523127,0.0020448022136124967
2017-02-09,0.0017133656344847765,0.001811579266106281,0.0008076419530500991,0.00037965896436307296,0.002057110731757398
2017-02-10,0.0017195616099416101,0.0019143216429505082,0.0008036456810381418,0.00042868990377728717,0.00204047942397023
2017-02-13,0.0017274736758309277,0.001933074532633689,0.0007968993808575663,0.00036934305971764994,0.0021278706250295906
2017-02-14,0.0017351008674928404,0.0020560953068860083,0.0007870280649141914,0.0011134360701595557,0.0021514881333378213
2017-02-15,0.0017425276400106088,0.0021117830472421797,0.0007805845437610683,0.0011292867607374808,0.002160712108511499
2017-02-16,0.0017481331635827366,0.0021523261191848234,0.000777922331196822,0.0011402476069079575,0.002169622584414892
2017-02-17,0.0017551814107929907,0.0022748358230794017,0.000775349324685341,0.0011512141180644942,0.0021776222462300213
2017-02-20,0.0017639730195361802,0.0022210302896296594,0.0007721780721363338,0.0011566859544224937,0.002049974975983822
2017-02-21,0.0017733324488275971,0.001961917574893241,0.0007716435475181401,0.0011590979749090012,0.0020149714132912788
2017-02-22,0.0017819600966431817,0.0019820618674556405,0.0007671170503604836,0.0011620094110925605,0.0020133069370931274
2017-02-23,0.0017905914075556,0.0022310109820999355,0.0007658689698812948,0.0011537407958315388,0.002268555337999648
2017-02-24,0.0017968435215430028,0.0020852548846820836,0.0007682644090586654,0.0011454717603080887,0.0021757509822782164
2017-02-27,0.001802435840897942,0.0020269982406450724,0.0007681809654553787,0.0011392768239825526,0.0019700659664590174
2017-02-28,0.0018064378387098801,0.001873160004431699,0.0007683453385046988,0.0011337276408484038,0.0019479289615587116
2017-03-01,0.0018085154640247985,0.0020127481224604124,0.0007695311268178575,0.0011274567232277787,0.0019859840367297743
2017-03-02,0.0018102211512276004,0.0017133681900168827,0.0007717327316781162,0.0011197654557431312,0.0019821660480257297
2017-03-03,0.0018089862033901483,0.0016971278129351095,0.0007739665311243007,0.0011135457765442506,0.0020025407289415704
2017-03-06,0.0018090348741901406,0.0016560078710572915,0.0007758943275970203,0.001105803472877949,0.001981536796196222
2017-03-07,0.0018116257196976813,0.001652214323935836,0.0007758510067480711,0.0010950199673882268,0.0019676679329290584
2017-03-08,0.0018174389171872537,0.0016470179157585605,0.0007758079566544278,0.0010807185542494485,0.0020122316586587844
2017-03-09,0.0018213394247339788,0.0016408211006106609,0.0007764939001331509,0.0010665261359164967,0.002002541280244535
2017-03-10,0.0018212463968103395,0.0016377454705345017,0.0007766121708626993,0.0010575411920050219,0.0020072547965554015
2017-03-13,0.0018238466542620955,0.0016361312804355967,0.0007768993142875462,0.001049676492775492,0.0020294015034929016
2017-03-14,0.0018259419005218886,0.0016325224458695088,0.0007774297275859218,0.0010396297324846552,0.0020112870106265817
2017-03-15,0.0018267758484962965,0.0016292918783455334,0.0007762810478761126,0.0010287071797497477,0.0020353220579600226
2017-03-16,0.0018305234587478421,0.001628928248592655,0.0007720302303612712,0.0010238010704826253,0.0019860569461847624
2017-03-17,0.0018331262309222278,0.0016274139856091929,0.0007670992787249562,0.0010172678865930642,0.0020342618907069295
2017-03-20,0.0018292193287651978,0.001626018000945313,0.0007658397966012992,0.0010183226483692998,0.0018336636556423541
2017-03-21,0.0018316488890150239,0.0016243825416984647,0.000763400360803849,0.0010157231234598674,0.0018813387830639574
2017-03-22,0.001835725239529428,0.0016213067694696675,0.0007638197909208351,0.0010139901991698798,0.0019295729208859032
2017-03-23,0.0018402197511010422,0.0016220306387851131,0.0007608868262101207,0.0010134527499882325,0.0019638401071491117
2017-03-24,0.0018460158417430476,0.0016210861094176248,0.0007591016088363347,0.0010113962336823505,0.0019907577142980895
2017-03-27,0.0018561101690852937,0.0016198879852717218,0.0007555594337801832,0.0010056936212692246,0.0018001618429879136
2017-03-28,0.0018681453664445272,0.0016230649326664146,0.0007490300121541531,0.0010005100387691299,0.0018126312812994352
2017-03-29,0.0018807085541770504,0.0016263899550277845,0.0007429348834615231,0.0009956825167219852,0.0018248615232100793
2017-03-30,0.0018938986752124434,0.0016310828348673958,0.0007369029185355798,0.0009927214077970492,0.0018362350946967939
2017-03-31,0.001908077447494654,0.001634675527364038,0.0007315900470807518,0.0009886765327475286,0.0018483048575299202
2017-04-03,0.0019218581034993406,0.001638052602127996,0.0007260803509950433,0.0009846501266971397,0.0018604136451182073
2017-04-04,0.0019359118388468984,0.0016406365247640497,0.0007212829112510506,0.0009798994682773503,0.0018726627938661254
2017-04-05,0.0019438708365256841,0.0016398009356930333,0.0007218177702038089,0.0009781325093045801,0.0018790604995540501
2017-04-06,0.001953518397424536,0.0016393785049159935,0.0007229121328527846,0.0009772450008379335,0.0018854164336786802
2017-04-07,0.001965709837987671,0.0016355601564176335,0.000723887858231713,0.0009709734420939364,0.0018959070601480543
2017-04-10,0.001977369745859538,0.0016305993038198806,0.0007242197776404402,0.0009619062054237682,0.0019079928932457003
2017-04-11,0.002850399246370612,0.0016250901018867382,0.000726917652890166,0.0009542316130930942,0.001918329405811114
2017-04-12,0.003053800640209261,0.001621940322439652,0.0007272952950341668,0.0009457520129235062,0.0019309689164272903
2017-04-13,0.003282079690518246,0.0016193463702807733,0.000726290753379749,0.0009361612048141318,0.0019444951070488555
2017-04-14,0.003398235274442684,0.0013759445365142818,0.0007268439335610139,0.0009278207532334693,0.0019565383799126875
2017-04-17,0.003430740871012727,0.001376497643830326,0.0007221537507625977,0.0009152808292169406,0.001987546392446218
2017-04-18,0.0034384679199513718,0.001376510651374457,0.0007441315974245847,0.0009050713005285713,0.0019077605385376852
2017-04-19,0.0033613429719983904,0.0013520941309125584,0.0007384204673584689,0.0008945477286108893,0.0029143926001844143
2017-04-20,0.0033560206623886738,0.0013499600412418059,0.0007583953095505686,0.0008830704149854683,0.0028489942811281113
2017-04-21,0.0034317333368745094,0.0013585158923602773,0.0007664524330061991,0.0008708220380753711,0.0029437868612492086
2017-04-24,0.0034334313520985368,0.0013265371326020578,0.0007367333792108157,0.0008584810436842704,0.0031491495628288685
2017-04-25,0.003408552493641645,0.001285126656296149,0.0007256115254066642,0.0008494314022704005,0.0032210360194576074
2017-04-26,0.0033475939630983192,0.0013088768758539578,0.0006868095080293907,0.0008418806357605555,0.0032857393220407536
2017-04-27,0.003248151021012941,0.0012912897314844684,0.0006871897711383906,0.0008366270118245172,0.0030995259992305665
2017-04-28,0.0032243550039702863,0.001290888405409882,0.0006926787694611225,0.0008321706112789681,0.0030771241576426273
2017-05-01,0.0037902623754997996,0.001277299667864792,0.0007003901307194957,0.0008291573894507855,0.0031138505882398553
2017-05-02,0.0037705558573296483,0.0012689368715315219,0.0006922529911774987,0.0008269191567448493,0.0031591862287618155
2017-05-03,0.0037777629355917426,0.001250829141900207,0.0006784244714956484,0.0008224013500669677,0.003240123380105214
2017-05-04,0.003773675888094252,0.0012405605608150365,0.0006862370938247864,0.0008121383556968566,0.003219974010366898
2017-05-05,0.0036621998303205095,0.0012915192881741847,0.0006732916324322051,0.0008070520943114206,0.003253442157723843
2017-05-08,0.0035026869456994004,0.0013291229427568533,0.000693507088660381,0.0008061904408605218,0.0030766490778888294
2017-05-09,0.0034749371440250905,0.0013531821012443548,0.000661204695845007,0.0008052135968966689,0.0032289573927916124
2017-05-10,0.003277149992060306,0.0014155253590214859,0.0006167205850452837,0.0008036948764918938,0.003372780741610476
2017-05-11,0.0032395190226688635,0.0014324976192102588,0.0006156038146179587,0.000802440987340204,0.003313564397278905
2017-05-12,0.0032055758741903486,0.0014584593577713488,0.000595043328643356,0.0008032078006593925,0.003322786937013494
2017-05-15,0.0032333779094636294,0.001497905854868784,0.0004979550272548956,0.0008044242309151573,0.0034849934756330993
2017-05-16,0.003243730554333376,0.0015302018207964448,0.00047495462090756536,0.0008073600834361971,0.003465824118822454
2017-05-17,0.0032425589981354905,0.0015574602056562675,0.0004913177400486645,0.0008097090157648026,0.0033474794782721567
2017-05-18,0.003383572901913079,0.0016304470535196886,0.00048413829008462804,0.0008125553730312558,0.003383474244151377
2017-05-19,0.0034255314524424137,0.0016377291838194968,0.00044941062902757744,0.0008190011314549392,0.0034537454661409577
2017-05-22,0.003366385328966236,0.0016466113239604625,0.0004324741250434134,0.0008235490460033988,0.00337181314008018
2017-05-23,0.0032703245334655172,0.0016524101464464194,0.0004420789114493004,0.0008257786156197942,0.0032264381944105717
2017-05-24,0.0032056667129293347,0.0016581471705235202,0.00044063533443672716,0.0008287551518265405,0.0031576839770594417
2017-05-25,0.003055380761086363,0.001663617155418795,0.0004450498375117471,0.0008319604939299599,0.002998927581127773
2017-05-26,0.0029969767598678337,0.0016662060918882803,0.0004241526026697157,0.000832142099924192,0.002993789614940492
2017-05-29,0.0030248858131413496,0.0016683120716447601,0.0005171008216536674,0.0008319704936568411,0.002777143337792585
2017-05-30,0.0028693281835733995,0.001673517055757965,0.00047307852668131937,0.0008334848624401049,0.002790699387277135
2017-05-31,0.002911957604586432,0.0016817005100032117,0.00047381387858468397,0.0008391102916555614,0.0027800572057900255
2017-06-01,0.0027694784427406494,0.0016841753584182972,0.0005227759126483474,0.0008453959367607508,0.0025412191921179283
2017-06-02,0.002666748611836099,0.0016846542270122715,0.000550481707710399,0.0008495157406702102,0.0020653654807916157
2017-06-05,0.0025873310014305523,0.0016815806385797629,0.0005976553714930368,0.000852259732440084,0.00205807438329619
2017-06-06,0.0024627755241786813,0.0016792270287361085,0.0005760198234936776,0.0008597641712642905,0.00204889107842835
2017-06-07,0.0023903607233355176,0.0016760273684610046,0.0005756218847226748,0.0008681990181986065,0.0020383576836501506
2017-06-08,0.0019995544605106823,0.0016668232811427447,0.0005447745395154807,0.0008754182281892081,0.0020242756296830226
2017-06-09,0.001904560186517505,0.0016518299422377458,0.0005376753443365632,0.0008825463362879561,0.0020076457526626646
2017-06-12,0.0018429384833112317,0.0016374207897459463,0.0005836799537488941,0.0008897841953475072,0.0018261280588932846
2017-06-13,0.001632469090917821,0.0016245474309839612,0.0006303066578096459,0.0008946069965950293,0.001555792128446979
2017-06-14,0.0016605614553290666,0.0016139890022695903,0.0007099694466377311,0.0008984571656759106,0.0015293842950038807
2017-06-15,0.001931966388674672,0.001602210468734435,0.0007236558722790753,0.0009012293533994568,0.001955890702209941
2017-06-16,0.001918727338559678,0.0015880498230843186,0.0007398958023930039,0.0009031368097530449,0.0019449352646383896
2017-06-19,0.0019043112091080801,0.0015721472741259616,0.0007583169961681175,0.0009067111739925417,0.0019306940754652666
2017-06-20,0.0018944754628719242,0.0015581124757963226,0.0007738292879762636,0.0009083562590672309,0.001920862506696051
2017-06-21,0.0018848845600291338,0.001542779566668986,0.0007905127394986617,0.0009096041370533883,0.0003380373732604768
2017-06-22,0.001876495594898345,0.0014383017824976853,0.0008040792244966122,0.0009088349322623996,0.00039576220433605006
2017-06-23,0.0018675549107262331,0.0014065109850718881,0.0008184000309935665,0.000909704322042034,0.00030416480729931897
2017-06-26,0.0018583215569338038,0.0013717145797346145,0.0008323252554649341,0.0009085503717002663,0.00036274869477817616
2017-06-27,0.0018501196149390685,0.0013407806053525309,0.0008483347611773986,0.0009044021440470688,0.0002784121881163259
2017-06-28,0.0018418782419303698,0.001282300379667554,0.0008629995844615812,0.0008978502743586273,0.0004918617553032979
2017-06-29,0.001831337796801915,0.001503305804657951,0.000875246585959264,0.0008921067297563727,0.0008986441479694313
2017-06-30,0.0018223829407713547,0.0014603930048682674,0.0008868629967154852,0.00088432767200673,0.001337183264093642
2017-07-03,0.0018145372872982303,0.001432682428558339,0.0008950622359216419,0.0008759143539042699,0.0012523851315480615
2017-07-04,0.001810773692308132,0.0012484846707351124,0.0008996842555953317,0.0008629388099384222,0.002102529112790209
2017-07-05,0.0018090900881354286,0.0012198482327263802,0.0009031261871737664,0.0008474027496785397,0.002004853732215296
2017-07-06,0.001808365214932614,0.001108308054096348,0.0009036131476817,0.0008323926028429224,0.001890224951707096
2017-07-07,0.0018100960271468314,0.0011484796387420167,0.0009007829751898514,0.0008140548006310213,0.001967391818437447
2017-07-10,0.0018121371617988277,0.0011418712687098198,0.0009007796962518024,0.0007965093898882194,0.0020551364434518993
2017-07-11,0.0018122186903654124,0.0011194801691488745,0.0009005155170208676,0.0007814504560268068,0.001983852230818727
2017-07-12,0.0018126511198512593,0.001104818277485009,0.0009021637375701989,0.0007678551709072008,0.0017486196332307368
2017-07-13,0.0018135551416903,0.0010924935169319236,0.0009167275631743285,0.0007532546204920247,0.0016656026397879665
2017-07-14,0.0018144547750738114,0.0010751005652182186,0.0009279361567805565,0.0007394865390707615,0.0015980438404499806
2017-07-17,0.0018152406821412975,0.0010561613492516661,0.0009390528726863594,0.0007261625217494007,0.0015120688353999
2017-07-18,0.0018133077609966558,0.0008771763485386341,0.0009536684069066618,0.0007141589343979915,0.001364534435731371
2017-07-19,0.001810727368323614,0.000844849753250031,0.0009693841128597756,0.0007032707715784104,0.0014371361697225128
2017-07-20,0.0018083281110941858,0.0008083195367967425,0.0009846972899318952,0.0006929255781591271,0.0015428555450324828
2017-07-21,0.0018043297142515545,0.0007443707522843479,0.0010012777708187101,0.0006825775221065696,0.0016050655354311752
2017-07-24,0.0018009391071067671,0.0007077433394464917,0.0010176491265378599,0.000673580014474619,0.001643803894364673
2017-07-25,0.0017977548869698829,0.0006351464742849771,0.0010335907601916154,0.0006663347571878622,0.0015949583099122435
2017-07-26,0.0017962608103109536,0.000695215808593072,0.0010507462111590455,0.0006598296800089539,0.0016374781071031722
2017-07-27,0.0017933674047455796,0.0007139683891391269,0.0010671116867227637,0.0006560792907202908,0.0015452048738348943
2017-07-28,0.001789404975964148,0.0006985903639269893,0.0010843866133970871,0.0006537672614297632,0.0015514135859612966
2017-07-31,0.0017864079486995075,0.0006882068259569318,0.0011018140336105636,0.0006523275382390943,0.0016719817737301606
2017-08-01,0.001783399807355577,0.0011332908842958584,0.0011197208776905251,0.0006507562156431179,0.0015592653234356919
2017-08-02,0.0017781010559025096,0.001106901468830186,0.0011377183521843483,0.0006525739063926895,0.0016252354155659485
2017-08-03,0.0017741917584237555,0.0015486913123182121,0.0011556559452020583,0.0006544866011007668,0.0015764647353763974
2017-08-04,0.0017685145676955081,0.0015181999402497654,0.0011750076605013516,0.0006572582084453065,0.0014257353430713238
2017-08-07,0.0017640675777496374,0.0014886711026672592,0.0011908912526870982,0.0006594341445733306,0.0015967428750963198
2017-08-08,0.001758912757862751,0.0014729092343811873,0.001207557824113156,0.0006622000405243053,0.0015819345855904768
2017-08-09,0.0017533199061225918,0.001455005579296042,0.0012246229140141017,0.0006665792737495181,0.0016662335198628655
2017-08-10,0.0017487344059898974,0.0013467515048733519,0.001228581181343224,0.0006719565165753735,0.001820840847504584
2017-08-11,0.0017454123437748272,0.0013132552330049774,0.0012329029538418576,0.0006754425483340203,0.001866430717062004
2017-08-14,0.0017413076876605553,0.001309949613340315,0.0012355913767525752,0.0006808363287117695,0.0017612774578704507
2017-08-15,0.0017366729116687755,0.0014831262999791468,0.001235279879570849,0.0006861264729362699,0.0018194557497471708
2017-08-16,0.001733167323026364,0.001497124181585577,0.0012325243704519478,0.0006903838779790807,0.0017934405217777496
2017-08-17,0.0017299896631490284,0.0014762416517431292,0.0012919016452793114,0.0006942384377742602,0.0018347487493083816
2017-08-18,0.0017269118591890288,0.0015278785738061839,0.0012252024078712414,0.0006979543004451522,0.0017620773101992022
2017-08-21,0.0017251357763106486,0.0015542815580751245,0.0012191947390092811,0.0007004426063161678,0.0016680101386515032
2017-08-22,0.0017221321224969853,0.0016514761871272877,0.0012110367746725674,0.0007018170843306244,0.001300613490619696
2017-08-23,0.0017169382130619284,0.0015332078536072111,0.0012036356719564417,0.0007033652168338434,0.0014251468039064574
2017-08-24,0.0017141080038267599,0.0015595320800403725,0.001196847005186792,0.0007017819605965569,0.002723532189944224
2017-08-25,0.0017134057538611908,0.0015088209618184692,0.001187166945665906,0.0006992556246247838,0.0031082974339101985
2017-08-28,0.001711816995616594,0.001471524731266556,0.0011777175720999848,0.0006974178543644017,0.003051772716534446
2017-08-29,0.0017094609734448233,0.0014832536067029525,0.001168611196963077,0.0006965395724168153,0.0031534780317208056
2017-08-30,0.0017062147546351245,0.0014921128294003096,0.0011588357031005957,0.0006942947036853643,0.0031485751806414383
2017-08-31,0.0017024625769375393,0.0014887225406743565,0.0011497806499215213,0.0006930311127325376,0.0034021571982772478
2017-09-01,0.0016981519504849101,0.001502741324170122,0.0011408189513129616,0.000691539143799123,0.0035507394019493963
2017-09-04,0.0016913213827829507,0.0014481303286920995,0.0011349165139869562,0.0006912663113542529,0.0033943710189156965
2017-09-05,0.0016841331261669202,0.001450236032627902,0.001129017462581287,0.0006889686979133686,0.0033910578612234648
2017-09-06,0.00167810564577563,0.001426021964614189,0.0011202072571790676,0.0006838789975926025,0.003535002968431819
2017-09-07,0.0016721050016089802,0.0015732633613266343,0.0011151234736276588,0.0005372707104485985,0.003585751706102703
2017-09-08,0.0016660630098628763,0.0015771076909753044,0.0011108267603925476,0.0005300517807007079,0.003472736278747721
2017-09-11,0.001660997738971954,0.0015707763189681723,0.0011083385296843664,0.000522068191223118,0.0034051292563476773
2017-09-12,0.0016545642533028928,0.0015426846133024263,0.0011118810195526753,0.0005227899074222253,0.0034237518662051814
2017-09-13,0.0016517968610971895,0.001659833532471533,0.001113411313773132,0.0004997984784252073,0.0034276070872319856
2017-09-14,0.001647811350842683,0.0016378075432816404,0.0011158876424372263,-0.0001645754597835885,0.0033736478549737927
2017-09-15,0.0016443468073439314,0.0016536811164954246,0.0011210725730718839,-0.0001826920390208442,0.003444857622480595
2017-09-18,0.0016394831815493348,0.0015939388725011222,0.0011300682690977728,-0.00016523846935795068,0.0033185705154315055
2017-09-19,0.0016366645605118137,0.0012741239113736856,0.001139942835468115,-0.00014029614782861256,0.0028241728314140502
2017-09-20,0.0016347495125848689,0.0013209011670347716,0.0011483295927069077,0.00031071305715662,0.0027293231267442953
2017-09-21,0.0016322583460928394,0.001308493774355414,0.001157592712499479,-0.0005710033793482613,0.0026161510876540443
2017-09-22,0.0016315012633783584,0.0014209731763386226,0.0011664787157352448,0.00033149521673029437,0.0025795737272116667
2017-09-25,0.0016291177909282955,0.0013208051294046955,0.001174806199898374,0.00034593343422162977,0.0025012837148094265
2017-09-26,0.0016245557008078837,0.0012965847164839043,0.0011836429062646702,0.0003767025383947116,0.002215607619437999
2017-09-27,0.0016222267887295732,0.0012414054753583123,0.0011911552131518113,0.000656508500284235,0.002084480587228861
2017-09-28,0.0016193368806449043,0.0012292629505439596,0.0011968240414932411,0.0004345406502627936,0.0016229985060086489
2017-09-29,0.0016162234479979649,0.0012041719922974777,0.0012008317736256335,0.0005269667112223493,0.0015855770698260817
2017-10-02,0.0016116423590045673,0.0012246831299942602,0.0012039740469346103,0.0006716727644715506,0.0015602679454287034
2017-10-03,0.0016067139820357794,0.001163584789952836,0.0012092124638946426,0.0006817875507562424,0.0015388456307562333
2017-10-04,0.0015968528228871356,0.00117684756945063,0.0012193127407674521,0.0006967244752331445,0.0015446322533642484
2017-10-05,0.0015862544102501171,0.001194379844773591,0.0012284550487701026,0.0007142290369978794,0.0015418221614461054
2017-10-06,0.0015762545560097656,0.0011694511570503594,0.001236090563434769,0.0007310156125645504,0.0014579898922500024
2017-10-09,0.0015679531430799172,0.0011806953223176338,0.0012415232084192036,0.0007449031803803931,0.0014344127701341096
2017-10-10,0.0015596834476895546,0.001182870632629296,0.0012409006403625964,0.0007564481560981915,0.0014237309923290972
2017-10-11,0.0015490870373041225,0.001164707630949204,0.0012452111787757392,0.0007700465357400725,0.0010667777971073008
2017-10-12,0.001535916722697268,0.0011751439566698675,0.0012460397834774695,0.0007863389788001845,0.0010253874677922646
2017-10-13,0.0015212423004247397,0.0011853246694372177,0.00124162129718151,0.0008046152151544102,0.0009936976300588757
2017-10-16,0.0015054583390783612,0.0012057162595582832,0.0012381167579995052,0.0008248944999316943,0.0009591551694623733
2017-10-17,0.0014866324090745992,0.0011539008319435622,0.0012362966445495485,0.0008449992347212573,0.0005626496459710246
2017-10-18,0.0014703696242695699,0.0011627373177691054,0.0012369356508935216,0.0008642522488518233,0.0005043110216341106
2017-10-19,0.0014508723900307126,0.0011727915515222676,0.0012371396579325521,0.0008855143125366909,0.0006896275848640761
2017-10-20,0.0014288014657681252,0.0011808969866980098,0.0012377548196513429,0.0009054644688078143,0.0006243230531981926
2017-10-23,0.001409737906288881,0.0011863298827944264,0.0014443204536946565,0.0009225358926660147,0.0009099988737491716
2017-10-24,0.0013910676553464585,0.0011943246429253888,0.0014438493752100207,0.000941562129382453,0.000873380562063851
2017-10-25,0.0013733114451512163,0.001199522460809993,0.0014478020051070279,0.0009586835180722586,0.0008393621691557586
2017-10-26,0.0013552958343265946,0.001203141394788573,0.0014560076401921914,0.000975779484993323,0.00080400414596387
2017-10-27,0.0013379628194886022,0.0012066170434430188,0.0014637370558612745,0.0009916850948070099,0.0007708686273643353
2017-10-30,0.0013239123939920044,0.00120716598734929,0.0017200904952715693,0.0010029001567448525,0.000509654699336217
2017-10-31,0.0013113395028705147,0.001208242238020518,0.0015757913517606757,0.0010136277939116777,0.0008195233925766996
2017-11-01,0.0013015130893043218,0.001213116968916222,0.0017112619516998293,0.0010221958747485369,0.0004651422805914303
2017-11-02,0.0012926642198687846,0.0012173255794594032,0.0016925629589583115,0.0010287490683494557,0.0003120677422824743
2017-11-03,0.0012854050535780603,0.0012217229544276393,0.002033638131882424,0.0010345195484158707,0.00030753367523883276
2017-11-06,0.0012769629926029902,0.0012289219667302447,0.001801953229709565,0.002237201156002152,0.0006861513933431217
2017-11-07,0.0012686488866398813,0.0012347909488282397,0.0017962336874189696,0.0022215751040445806,0.0006750959283750686
2017-11-08,0.001259041805770416,0.0012403455758647284,0.0017756790471944082,0.002256580490243169,0.0006612395853608953
2017-11-09,0.0012531689870104493,0.0012455839660474016,0.0017571718824180927,0.002240951955293323,0.000656465564329392
2017-11-10,0.0012474266850748476,0.0010670514871898517,0.0017524776285255082,0.002286538611528481,0.0006506482027500626
2017-11-13,0.0012436108467200632,0.0010823328984200776,0.0017433987864079034,0.0022460887544135987,0.000645952811017613
2017-11-14,0.0012398486932793016,0.0010761933991005055,0.0017519096841268006,0.0021974538382353746,0.0006398180896802848
2017-11-15,0.0012362546463800693,0.0010789653904261965,0.0017512817635514525,0.002192247459583459,0.0006351797402079629
2017-11-16,0.0012318582481323456,0.0010016767576292043,0.0017522600436876926,0.002167562025584607,0.0006293921981635729
2017-11-17,0.001227082484958814,0.0012669678998492278,0.001672359415868377,0.002308879411411514,0.0006229593655344399
2017-11-20,0.0012207890082289335,0.001308610078561737,0.001662084597548166,0.00232594047983464,0.0006119042599464815
2017-11-21,0.0012149383278300299,0.0014256535543093858,0.001428899805082708,0.002025440093715994,0.0010144899433742367
2017-11-22,0.0012073727091812378,0.0014837302238387073,0.0014169119156351815,0.0019917276791982666,0.0010045766324692888
2017-11-23,0.0012005475072569558,0.0015014871563408503,0.0014233593225104239,0.002500514977689235,0.0009958958005031808
2017-11-24,0.001192629637545263,0.0014878379556607303,0.001441797374895305,0.0025375641955186936,0.0009858735128409853
2017-11-27,0.0011853904339912478,0.0014871016495659338,0.0014576734328799377,0.0025952140165866086,0.0009775943194950476
2017-11-28,0.0011777928808379761,0.0014954279601229407,0.0014693579135541704,0.002576029490081588,0.0009669589351925373
2017-11-29,0.0011716720164056252,0.001527270397614927,0.0014811211496466381,0.0025173484906468183,0.0009561593163168681
2017-11-30,0.0011638140174882363,0.0015367704087633752,0.001504482918730654,0.003049993587988361,0.0009448485648510869
2017-12-01,0.0011545666071093724,0.001348394214135695,0.001528304459435243,0.00275561872412604,0.0009395264662540335
2017-12-04,0.0011460273743671753,0.001273048046538238,0.0015451501907623544,0.0026605241523437297,0.0009302501596398134
2017-12-05,0.0011416333822325026,0.0012028701340504636,0.0015558388381130045,0.0024376050267652066,0.000924996821269859
2017-12-06,0.0011384294652623925,0.0011828469565206765,0.0018013983781919448,0.0028578134403811017,0.0004829606515775117
2017-12-07,0.0011329917275762272,0.0011130219296577883,0.002011346579755232,0.002687603790960399,0.00046697363941210093
2017-12-08,0.0011303279286917186,0.0011181114372773324,0.0020927281189031446,0.002455757728017276,0.00045683822970659185
2017-12-11,0.0011264941334426179,0.0010552879031653806,0.002191297858119342,0.0021630714003674023,0.00045123209769484243
2017-12-12,0.0011229968737484655,0.001022928678148681,0.0019163116116041436,0.0020130348724436867,0.0008888205723247805
2017-12-13,0.001120264977339288,0.0010188779206852276,0.0019106637119788124,0.0019579250935682193,0.0008849707589501884
2017-12-14,0.0011200401059054343,0.0008341155592242332,0.002127380002447916,0.0009630518781373307,0.0008843312780280412
2017-12-15,0.0011193207920630309,0.0007930045759340528,0.0021831815040110267,0.0009759173041353501,0.0008819226760793846
2017-12-18,0.0011207067015605986,0.0007778323749570386,0.0022090397502669743,0.0009289128349677214,0.000880263605556052
2017-12-19,0.0011243610125173898,0.000765997269460998,0.00222810198507645,0.0008533911627374177,0.0008801530495299252
2017-12-20,0.0011275325616404693,0.0007875101668771604,0.0022148655161220885,0.0009238226618640325,0.0008795177800579177
2017-12-21,0.0011292679285986814,0.0008257666793455373,0.0022063045087844712,0.001049092239556282,0.0008774462964832321
2017-12-22,0.0011333189956299308,0.0008396911741189467,0.002250254589640295,0.0008863761048918563,0.00087622215137494
2017-12-25,0.0011375984699401945,0.0011206237510704312,0.0022261070074363867,0.0009586319764812304,0.0008743777502363953
2017-12-26,0.0011417485468336662,0.0011277172803659404,0.0022055642605519994,0.001119211951286092,0.000888031862785641
2017-12-27,0.0011441347650252,0.001134407812706538,0.0022100257753336332,0.0008717448128356125,0.0008858854896985964
2017-12-28,0.0011466130524274666,0.001143075106320203,0.002156319115815022,0.0011249781385336733,0.0008690599719590455
2017-12-29,0.0011481881554532725,0.0011492835037930711,0.0021776627310092626,0.001131942535578282,0.0008613219899838928
2018-01-01,0.0011486222056056779,0.0011554175232055205,0.0021407732028420855,0.001136768415587896,0.0008409621393701258
2018-01-02,0.0011469422358563912,0.0011617016538226649,0.0021369770604876236,0.0011426437394746753,0.0008122710390309382
2018-01-03,0.001144632288656047,0.001171072571588997,0.0017488231512695412,0.0011497722928337061,0.001263748915056319
2018-01-04,0.0011417033890018418,0.0011799599678626333,0.0016900290153835011,0.0011578019453582268,0.0012096964217810642
2018-01-05,0.0011380715740407536,0.0011886550060318975,0.001641786447269244,0.0011664895021420401,0.0011697144952656164
2018-01-08,0.0011345212215719746,0.0011973177206391935,0.0019710225367569993,0.0011759635987279309,0.0006262658879649008
2018-01-09,0.0011337482677534576,0.0012091160663936422,0.0019192891485730087,0.0011860544220090993,0.0006315315939854115
2018-01-10,0.0011338760637550295,0.001222255133694877,0.0018802329764131972,0.001197675450159685,0.0006196988847247373
2018-01-11,0.0011314601196267438,0.0012347168521134081,0.0018211208894749452,0.002204169592761124,0.000588248288772838
2018-01-12,0.0011320838300760872,0.001246203843546068,0.0017936606941377881,0.0024935044888811228,0.0005617941359134338
2018-01-15,0.001130373093576669,0.0012573155951012512,0.001785688560361293,0.0028064112856899166,0.0005026664014674685
2018-01-16,0.0011278976790067461,0.001266958544464182,0.0017727389253999,0.002984054206348413,0.00046502944873766036
2018-01-17,0.0011255029655035645,0.0012738170602832558,0.0017656884809500902,0.003035389983715345,0.00044507388153896795
2018-01-18,0.0011230764485424627,0.0012765029302300689,0.0017694734580265125,0.0031559832562375657,0.0004054575653229661
2018-01-19,0.0011190979911048693,0.0012797192644810101,0.001745595776590128,0.003361184683560899,0.0003382977466157497
2018-01-22,0.0011148427950492968,0.0012817362454463242,0.0017423331862564027,0.0035081193152646166,0.0002807192518179724
2018-01-23,0.0011108940015313146,0.0012840796574676912,0.0017423839806418441,0.003545005520260978,0.00024419390745540463
2018-01-24,0.0011083725601792678,0.0012860416106744417,0.0017388274076829094,0.003507874915117233,0.00022619289902253053
2018-01-25,0.001105640759618265,0.0012864645899539524,0.0017352325709025136,0.003415270390121068,0.00022717290096793046
2018-01-26,0.0011044195470391739,0.0012859687693600546,0.0017135828123204825,0.003324517516031855,0.0002446687831017191
2018-01-29,0.0011028854394490768,0.0012847942197245434,0.0023937205106318855,0.004269013429449402,-0.001612568161155578
2018-01-30,0.0011007431988788023,0.0012830221114258403,0.0023886881439251005,0.004128038477688381,-0.0015321389355747721
2018-01-31,0.0011005976260064832,0.0012804900190164187,0.002389882133121293,0.004128796414882188,-0.0015232518361951537
2018-02-01,0.001101206645108088,0.001276277832188928,0.0018779778212573287,0.0035722306147452365,-0.0008252436137208979
2018-02-02,0.001102829271117463,0.0012714984734437432,0.0018794188913770539,0.0034691340902574183,-0.0007669257279305892
2018-02-05,0.0011053503436762807,0.001266880348533574,0.0018790464375340104,0.0033390065129731555,-0.0006955341844572386
2018-02-06,0.0011048203686273366,0.0012578798112921374,0.001884704728555624,0.003070875584644617,-0.000601740877847256
2018-02-07,0.0011045625378723635,0.0012469564912532063,0.0018890973966502172,0.0030517943802729703,-0.0006244008944101898
2018-02-08,0.0011081029705106182,0.0012364692391670228,0.0018894402813346791,0.0027938485629933267,-0.000653842308404974
2018-02-09,0.00111109107822382,0.0012234648419129886,0.0018950572944246063,0.0025718641128288176,-0.00041157140337666877
2018-02-12,0.0011140685709895505,0.0012102213538748353,0.0019018523380196024,0.0022610891233539295,-0.00020732636649330454
2018-02-13,0.00111728987664315,0.0011980769441586809,0.001908071767958737,0.0020658638611988243,-8.441166049409751e-05
2018-02-14,0.001100143566034495,0.0011859443276021728,0.0019113357677675508,0.0018133429076627686,7.857110885770035e-05
2018-02-15,0.001115015292673363,0.001174457231910088,0.0019126104963207837,0.0015130626427385706,0.0002888532289183073
2018-02-16,0.0011297073679471638,0.0011632247323230276,0.0019142341478137186,0.0012510769116674863,0.00048760629797538766
2018-02-19,0.0011378595958775558,0.0011516242686982192,0.0019190296711133043,0.0010611961156929651,0.0005908837445951133
2018-02-20,0.0011422801848578461,0.0011409041006499633,0.0019237695253609282,0.0009454143319404417,0.0006329078743862397
2018-02-21,0.0011455534894374616,0.0011297425860743425,0.0019292166133530598,0.0008159259029287667,0.000691541769831714
2018-02-22,0.0011503094040181678,0.0011188250200580756,0.0019321807365114498,0.0006472770126739727,0.0007708904391254668
2018-02-23,0.0011521503301165686,0.0011083685782515903,0.0021479614233478306,0.0007271202720934449,0.0008351945393958696
2018-02-26,0.0011554037379352103,0.0011008596454444163,0.0021511417849584048,0.0006352508436290184,0.0008930094376505053
2018-02-27,0.0011567451572718974,0.0010924978683869882,0.0021521354379011224,0.0006697081967146141,0.0008906734973813856
2018-02-28,0.001155093245741605,0.001084415588561398,0.00215896471488238,0.00048229190832532146,0.0009109656674718474
2018-03-01,0.0011543885042289274,0.0010784408295439214,0.002193191286561448,0.00012914319824956853,0.0010265546163908583
2018-03-02,0.001154125772967044,0.00107578255438642,0.002187599185538767,0.00022110304809718905,0.000989357301108932
2018-03-05,0.0011553252408002858,0.0010751160025578173,0.002174145892558272,0.00030652628712438416,0.0009528172907188261
2018-03-06,0.0011569599284323524,0.0010763463424933524,0.0019139546655906937,-9.666901032018347e-05,0.0015473616498736203
2018-03-07,0.0010864515708794678,0.0010790451273620172,0.0018616136996826012,-5.8462100724117425e-05,0.0015260312442905994
2018-03-08,0.001079856983291181,0.001082545085105416,0.001955490583517157,0.0005277180029071534,0.0013367612369509381
2018-03-09,0.0010736938460996486,0.0010870061214299787,0.0018586469474025187,0.000616000038166836,0.001294928918744284
2018-03-12,0.0010695284493516218,0.0010923351370302208,0.0018525984774596634,0.0006745176650513738,0.0012718378040590579
2018-03-13,0.0010676353398844643,0.0010991457807696418,0.0018455043004909116,0.0006742997752937408,0.0012603683546226325
2018-03-14,0.0010642787893370296,0.0011062606037754268,0.0018453702453862285,0.0007223619430641275,0.0012425377488663467
2018-03-15,0.001060389284673213,0.0011122017053011763,0.0018378587767239785,0.0007600587462690615,0.0012334740879972376
2018-03-16,0.0010555676999458,0.0011187783576928007,0.0018349018277198364,0.001033742467001701,0.001149038559586916
2018-03-19,0.0010497574192617621,0.0011249352974052993,0.0018215570193174531,0.0010712642564068915,0.0011355937087991462
2018-03-20,0.0010498704424409815,0.0011288635433869708,0.0018646270178638126,0.0006053995502202883,0.001317067819625578
2018-03-21,0.0010492634337143938,0.0011323913026132077,0.0018387635570709638,0.0007711534562343498,0.001230241077939508
2018-03-22,0.0010463873912566664,0.001135272250720432,0.0017369514457165754,0.0008167205792674154,0.0012297968137896457
2018-03-23,0.001047475281807281,0.0011397221511960636,0.001724884310093073,0.0010884707067428192,0.00111871947328068
2018-03-26,0.001046074438467894,0.0011424361689268156,0.0017167715857986676,0.001162062235489107,0.0010678565948362853
2018-03-27,0.0010467087971121121,0.001147535255891281,0.0017103989839954922,0.0010594208671789172,0.0011292286157507747
2018-03-28,0.0010482548130393548,0.0011529194600584359,0.0016955258969371045,0.0010175974988877745,0.0011599575388460328
2018-03-29,0.0010501263887043146,0.0011577956567829552,0.0016835421545272477,0.000982636645702651,0.0011827103351076788
2018-03-30,0.001048013745245867,0.0011614456785419042,0.0016780518721128922,0.0007665955575233256,0.0012951751205301483
2018-04-02,0.0009564226078323549,0.0011655841874612118,0.001990472446762743,0.0014356736737127372,0.0004927760234710629
2018-04-03,0.000732427364488854,0.0011684167828766203,0.0022918090963703914,0.0018612565907663754,-0.00012671417729363007
2018-04-04,0.0008664963904312155,0.0011720766751627002,0.00196177704956643,0.0014053609812872173,0.0005345478750280281
2018-04-05,0.0008681834914868474,0.0011734957006108767,0.0019504256276478874,0.001496397713883013,0.000479601286327065
2018-04-06,0.0008667261644273488,0.0011746937791899436,0.0019386054497658896,0.0012557829369434698,0.0005479118035301939
2018-04-09,0.0008661807443237295,0.0011746453872662232,0.0019275708853930948,0.0013142361921340989,0.0004959820747250042
2018-04-10,0.0008617763676830117,0.0011709213241815597,0.00192189193128167,0.0009598021220234806,0.0005933158467614707
2018-04-11,0.0008604768953629476,0.0011666251502965418,0.0019160009832869377,0.0009151153568036523,0.000597467712387125
2018-04-12,0.0009951075479032539,0.0011635986128055319,0.001616576574241526,0.0007795803257892664,0.0011905418531321411
2018-04-13,0.0009962168695917834,0.0011600845828028583,0.0016121566314459747,0.0007291895834837681,0.0011952057780210943
2018-04-16,0.000998776137904173,0.0011588641945597447,0.0016061119998511972,0.0006487924889130029,0.0012476718477795047
2018-04-17,0.0009969293274407947,0.001158579233534013,0.0016005245858086597,0.0005034127609620498,0.001356520460007179
2018-04-18,0.000994776089916086,0.0011586737463563973,0.0015956761803469256,0.00031915955137310913,0.0014508036884942396
2018-04-19,0.0009936450575243434,0.0011592569445389815,0.0015910650727051158,0.00026995396654243536,0.0014818160546669033
2018-04-20,0.000988719655074767,0.0011575068286817437,0.0015904422746252775,0.00013303718005032222,0.0015982035845425804
2018-04-23,0.0008478867288997007,0.0011549557755453576,0.0018759366138763971,0.00047489882612465454,0.0009577411954414681
2018-04-24,0.0008399249138085123,0.001151218681227646,0.0018754728583540619,0.0004774194412383345,0.0009440390191651152
2018-04-25,0.0008334807959752405,0.0011462010005107283,0.0018757226300516903,0.0004640559388869723,0.0009338222254815883
2018-04-26,0.0008263450409230295,0.001141939021628629,0.0018758806100037046,0.0004944733455577666,0.0009096061638403484
2018-04-27,0.0008217869908325427,0.001136280588840759,0.0018764452164761064,0.0004537913724648793,0.0009258468440221442
2018-04-30,0.0006725466786049229,0.0011298581351031755,0.0021658500339642025,0.0007610500455147332,0.00032770583298618217
2018-05-01,0.0008056071529260236,0.0011235896450316099,0.0018849243885857968,0.0007129483780260016,0.0007301883717753416
2018-05-02,0.000797730300548665,0.001118784074873361,0.001888979547466218,0.0007938049625500434,0.0006389368152099075
2018-05-03,0.0007923330335221299,0.0011145969577812664,0.0018906943694143156,0.0007878754644640244,0.0006332594147363112
2018-05-04,0.0007845513063235393,0.0011098215588786846,0.0018965245667281107,0.0009739560484119083,0.00046098383346213664
2018-05-07,0.0007763804727945417,0.0011069749465575484,0.0018988274169920878,0.0009699640307554019,0.0004696759166840735
2018-05-08,0.0007696177417638283,0.001105624302797371,0.0018995029040713954,0.0009742610085566336,0.00046134943492627024
2018-05-09,0.0007605332150520289,0.0011031863669541135,0.0019041747228190687,0.0009698567214960912,0.0004508099308050444
2018-05-10,0.0007485043290144599,0.0011002490566720182,0.0019114286283414762,0.0009787904610409277,0.00044665461827535094
2018-05-11,0.0005833922900403807,0.00109647441884226,0.0019215710983764883,0.0009846675119416202,0.000416258344540077
2018-05-14,0.0005668091767800933,0.0010930834432275518,0.0019313100795149735,0.000959172991031151,0.00045761306286467695
2018-05-15,0.0005556657387128588,0.0010896108803883104,0.0019391396721808462,0.0009560188536452016,0.0004517334714059215
2018-05-16,0.0002944940217784421,0.0010859610491717477,0.002255546588717584,0.0012542422419349504,-0.00021562338956826574
2018-05-17,0.000272664968852823,0.001084257276423862,0.0022639057766680555,0.001085857069254302,-0.000227257823761057
2018-05-18,0.0002561299102272306,0.0010843591803030074,0.0020123522755318966,0.0010880756516788146,-0.0002109501753267875
2018-05-21,0.0002472655216376366,0.0010858632021300916,0.00200980113335616,0.00109083287585679,-0.0002546691056648225
2018-05-22,0.00023278056357245295,0.0010876624696064161,0.0020098975794178523,0.0010950058814972246,-0.000275047429160189
2018-05-23,0.00023303105113694805,0.0010921009945013467,0.0019993096499066783,0.001099165743812807,-0.000305394772134252
2018-05-24,0.00022997337148795982,0.0010973210905504543,0.001985142448527149,0.0011031997259360563,-0.0004931924523446111
2018-05-25,0.0002333780457855826,0.001103491799118106,0.00196945008930219,0.0011081327804962808,-0.00047474470430480527
2018-05-28,0.0002370574283817587,0.0011079547485526838,0.001953424284469533,0.0011107336911425892,-0.00043006976810002753
2018-05-29,2.2609450777378573e-05,0.0011165183262772718,0.002100202383432925,0.0011137254848395197,-0.001017118473525507
2018-05-30,5.695665220085088e-05,0.0011239805963413375,0.0020520204141160907,0.0011154504826184548,-0.000394610664980943
2018-05-31,9.41854877910532e-05,0.00113074334302811,0.0020090912577010937,0.0011167900238302573,-0.00037349945881973807
2018-06-01,0.0001347471875230102,0.0011383548256996934,0.0019596809446757084,0.0011175672808578499,-0.0003451074097463689
2018-06-04,0.00046414292697578375,0.0011445145368885147,0.002254709003703036,0.001118553538562603,-0.0003167781152478568
2018-06-05,0.0004863104311106554,0.0011511216059969063,0.0018866173399532129,0.0011207632179219813,-0.00027667717374981696
2018-06-06,0.0006425197604231683,0.0011587127895139053,0.0017244854175311973,0.0011231794150956863,0.00026473519081256745
2018-06-07,0.0006627621608225773,0.0011655768046307752,0.0017033242342718,0.0011255253959313893,0.00027365110304772896
2018-06-08,0.0006823440000141747,0.001173496906702569,0.0016847555980575067,0.0011302623490381013,0.0002847790222686281
2018-06-11,0.0006996507104498949,0.0011789177357866506,0.0013707424141313187,0.0011332893082202648,0.0003274021927326461
2018-06-12,0.0007161879209726451,0.0011848710227890542,0.0013680769682898456,0.0011374185710073172,0.000262462576356507
2018-06-13,0.0007341981027898114,0.0011915158377709813,0.0013650719960854255,0.0011420208243876195,0.0002727283887924341
2018-06-14,0.0008273688800019419,0.0011967346394688879,0.001362091175679206,0.0011442839640784614,-0.00015746111651411434
2018-06-15,0.0008766808471318819,0.0012011791893222822,0.0013586978701466185,0.0011440148822139424,7.04738274985013e-05
2018-06-18,0.0009164501886874744,0.0012041466540699598,0.0013563740235468334,0.001143513461427287,0.00010141729265281704
2018-06-19,0.0009811482255001757,0.001208114149649948,0.00135182408853218,0.0011413806435663732,0.0004433825824436858
2018-06-20,0.0010042718777807749,0.0012117438909878906,0.001348122800191434,0.0011407405924191403,0.00042207629435989254
2018-06-21,0.0010288092793379658,0.0012140205448671272,0.0013438902056284194,0.0011379317361280181,0.000450825719957977
2018-06-22,0.001066908957015088,0.00121705295257491,0.0013394164643246783,0.001136057556784427,0.0005046191166267713
2018-06-25,0.001071842238322071,0.0012217707908871599,0.001333811824280746,0.0011364146877828076,0.000806189070582707
2018-06-26,0.0010757590355674077,0.0012246139487822152,0.0013294549052711058,0.001136048634345007,0.0008139120650350684
2018-06-27,0.0010798830248170245,0.0012255433256976231,0.0013268383402382305,0.0011346339881670045,0.0009548238126212533
2018-06-28,0.001081888767066452,0.001225224066893092,0.0013253986082358332,0.0011334268178870024,0.0008272522458654191
2018-06-29,0.001085292461557614,0.001225315097632401,0.0013237624469985025,0.0011321267373383891,0.0002858704983288525
2018-07-02,0.0010872785543012023,0.001223961171435659,0.0013271582153581362,0.0011315361867319327,0.00030193623773490787
2018-07-03,0.0010900964971061362,0.0012226083534417967,0.0013303699318881904,0.001130503042038145,0.00032104062616373043
2018-07-04,0.0010930759234119736,0.00122141881064539,0.0013340781252641565,0.0011300587969667035,0.00033723603997128906
2018-07-05,0.0010935824372163116,0.001222046483262676,0.001336732945858655,0.0011317639286198883,0.00034421989532149705
2018-07-06,0.0010926711174933065,0.0012208226422737302,0.0013394709593983322,0.001131296187474084,0.0003544405599461021
2018-07-09,0.0010929121817508625,0.0012216816067708025,0.0013407000613759419,0.0011317590535018446,0.0003666779149710418
2018-07-10,0.001095141896814908,0.0012225726607222227,0.0013398081632298093,0.0011290515652813693,0.0001574220609641371
2018-07-11,0.0010994588360878524,0.0012229667934889263,0.0013391171359947813,0.0011252011634669081,0.00021487199295771838
2018-07-12,0.0011019745503740733,0.0012238183822141171,0.0013389056836798099,0.0011230504839019207,0.000257610661667343
2018-07-13,0.0011038863012022098,0.001224278618853401,0.001339029603781317,0.0011207509560983704,0.0002971446988636968
2018-07-16,0.0011108120006704505,0.0012301620769698835,0.0013360639619952553,0.001119911911048684,0.001298110753959354
2018-07-17,0.0011153630046336343,0.0012343499405605802,0.0013357430134527115,0.0011202635376453337,0.0013004238882522025
2018-07-18,0.0011192414973574324,0.0012380853450360296,0.0013358269511484983,0.0011206433565363954,0.0013023281103022226
2018-07-19,0.0011220966667754872,0.0012422991255161193,0.0013371900621288056,0.0011234035113325358,0.001302023151891954
2018-07-20,0.001124934863970238,0.0012444926221142204,0.0013403615019578856,0.0011255421374301046,0.001301478905006222
2018-07-23,0.0011264440520945857,0.00124640180007147,0.0013449804687594442,0.0011290331779548793,0.0012990653103847883
2018-07-24,0.0011257106165244975,0.001248921537048508,0.0013501340682993115,0.0011344661349020852,0.001294436330705272
2018-07-25,0.001123302227704517,0.0012534580056258132,0.0013539793169920742,0.0011418107928429977,0.0012885749873801072
2018-07-26,0.001121961027306574,0.0012579970442707924,0.0013568251850439687,0.0011476292302779862,0.0012842983442164706
2018-07-27,0.0011189179027389468,0.0012621089271501143,0.0013602088079538862,0.0011541667199153143,0.0012788590437094651
2018-07-30,0.0011184984234822704,0.0012679462365793824,0.001358162955221147,0.0011599631206603534,0.0012764155292091708
2018-07-31,0.0011178572463227164,0.0012732006868793136,0.0013546763238040263,0.0011634180605437695,0.0012757529688446122
2018-08-01,0.0011185217348305665,0.0012777228387086084,0.0013509417946333858,0.0011651951095628574,0.0012766220402098665
2018-08-02,0.0011207151771730486,0.001280814307923771,0.0013476733287748385,0.0011648884500454833,0.0012790307263733632
2018-08-03,0.0011218892987740247,0.0012853665808404582,0.0013438742591586632,0.001166404370833714,0.0012802305212174197
2018-08-06,0.001123605477973652,0.0012887642727811104,0.0013400082666167345,0.0011661227537943448,0.001282701080718544
2018-08-07,0.0011240105293546282,0.0012924395084176964,0.0013377599581850426,0.0011685705365002397,0.0012825685356972613
2018-08-08,0.0011218980310277794,0.0012958656432658345,0.0013357294223850162,0.0011718540624045442,0.0012810210255533407
2018-08-09,0.0011216044747557785,0.0012993980668886123,0.0013330367520517853,0.0011739786702825198,0.0012810293337077482
2018-08-10,0.0011216858963812295,0.0013029635879844407,0.0013303237089540803,0.0011761060864825827,0.00128120917092357
2018-08-13,0.0011158051455194295,0.0013020031247857956,0.0013291202719749621,0.00117759589548934,0.0012786879460929225
2018-08-14,0.0011104863983244877,0.001301858235240815,0.0013266259818565623,0.0011786272363775584,0.0012770999442593147
2018-08-15,0.001107793552252344,0.0013004973472448083,0.0013236547548726475,0.0011774781713750067,0.0012786085377830781
2018-08-16,0.0011066671288684907,0.0012997563250647796,0.0013194275223692125,0.0011753887098568843,0.0012816974260460522
2018-08-17,0.001104949719490173,0.001299371774486574,0.0013155621141461725,0.0011744600206014689,0.0012838029306228218
2018-08-20,0.0011041786762694082,0.0012988485232462794,0.0013104903659020334,0.0011719732525579131,0.001287666294330062
2018-08-21,0.0011066911903578258,0.001296370423852022,0.001305322261396885,0.001165797818300765,0.001294608037309131
2018-08-22,0.0011092215591714059,0.0012939144042311466,0.0013002670922761883,0.001159769150293548,0.0013014319598805635
2018-08-23,0.001111851591938549,0.0012926953908398472,0.00129566357026682,0.001156016291872273,0.0013068276870548143
2018-08-24,0.0011150857263016395,0.001291535046777721,0.0012902982717535563,0.0011512081821599233,0.0013132878649383597
2018-08-27,0.0011182118150737713,0.0012893913128049184,0.0012863830750069888,0.0011466715165407092,0.001319036975345592
2018-08-28,0.0011212911244692732,0.001287369199580729,0.00128414443468639,0.0011441303305746464,0.0013230080715869524
2018-08-29,0.0011235071924951107,0.0012873014948349523,0.0012806982163257837,0.0011438807561884247,0.0013257801056128671
2018-08-30,0.001125165376788392,0.0012883977213669227,0.0012759870217630951,0.001144185768457384,0.0013285393387478563
2018-08-31,0.001128321568248576,0.00128828471929356,0.0012723776319821776,0.0011417870065861353,0.0013329925560661038
2018-09-03,0.0011286021532075446,0.0012894785486024644,0.0012699706710214875,0.00046009165227724354,0.0013338751824947695
2018-09-04,0.0011285422500812712,0.0012912825663542698,0.0012666694702869231,0.0005147775564303366,0.0013352717154985299
2018-09-05,0.001128563938615663,0.0012932112929943346,0.0012642520778817464,0.0005504435957951111,0.0013357116784471032
2018-09-06,0.001129202212401849,0.001294104337477624,0.001262734744559044,0.0005743531577044211,0.0013364277653511935
2018-09-07,0.0011289166899512934,0.0012943344100455397,0.0012624036902319318,0.0001827864578625931,0.001335979232618937
2018-09-10,0.0011306554954193864,0.0012949191727525623,0.0012616922037881602,5.565800931910223e-05,0.0013370440772342339
2018-09-11,0.001132004713358923,0.0012950038609604083,0.0012615572535717822,0.00010190712135422098,0.0013377754000577456
2018-09-12,0.0011303762965753387,0.0012953964565582744,0.001263141441350842,0.00021908003199283023,0.0013349233146896053
2018-09-13,0.001127083011239802,0.0012953172787810538,0.0012661321490966195,0.00027172222115695295,0.001330170431441067
2018-09-14,0.0011264044530832245,0.0012963236205352805,0.0012676726829898798,0.00028639966466070636,0.0018332701034965287
2018-09-17,0.001125678318772563,0.0012963338184096614,0.001270146507387081,0.0003961655354489461,0.0017609658259939353
2018-09-18,0.0011224813977217972,0.0012953852702426779,0.0012753077858113596,0.0006569685636761451,0.00157971190292506
2018-09-19,0.001120265569757825,0.0012929353761692536,0.0012820586624202968,0.0007723172423989512,0.00151832864244809
2018-09-20,0.0011161188018653343,0.0012910570731094909,0.0012881902296833913,0.0008823382919301468,0.0014630018726230491
2018-09-21,0.0011125028421847072,0.0012899798869963962,0.001293212611254337,0.0011886073242702458,0.0014249550274092549
2018-09-24,0.0011090932414876454,0.0012904625105282118,0.0012967746257242878,0.001194126410752862,0.0013898020893710753
2018-09-25,0.001105546312308284,0.0012901979378739676,0.00130000325969522,0.001198308352615817,0.0013637887415053527
2018-09-26,0.0011015564593094475,0.001288517727579148,0.0013046693248476013,0.0012024050004417646,0.001558886556464638
2018-09-27,0.0010981390784749524,0.0012869073968965587,0.0013089056078292845,0.0012060157739842078,0.0015168029415379477
2018-09-28,0.0010956443853948339,0.0012871217004102457,0.0013118736152146517,0.0012104022162375849,0.0014637434957741643
2018-10-01,0.001095372266440468,0.0012862227858347534,0.0013145633082970024,0.0012120377821686458,0.0012738116769532254
2018-10-02,0.0010971127328170405,0.001284290795352532,0.0013174536026789422,0.0012128431196867194,0.0012731967549318526
2018-10-03,0.0010982199720698828,0.001282309156630331,0.0013193830560369437,0.0012124025697743312,0.0012733119673478466
