거래일,CD수익률,"대표수익률(80~100일)
(거래량가중평균수익률)"
2024-12-31,3.39,3.40
2024-12-30,3.44,-
2024-12-27,3.44,3.44
2024-12-26,3.40,3.41
2024-12-24,3.40,-
2024-12-23,3.39,-
2024-12-20,3.39,3.39
2024-12-19,3.39,3.39
2024-12-18,3.38,3.39
2024-12-17,3.38,3.39
2024-12-16,3.38,3.38
2024-12-13,3.32,-
2024-12-12,3.31,3.31
2024-12-11,3.33,3.36
2024-12-10,3.30,3.34
2024-12-09,3.28,3.29
2024-12-06,3.28,3.28
2024-12-05,3.28,3.30
2024-12-04,3.28,-
2024-12-03,3.28,3.29
2024-12-02,3.28,3.29
2024-11-29,3.29,3.30
2024-11-28,3.29,-
2024-11-27,3.44,3.45
2024-11-26,3.44,3.45
2024-11-25,3.44,3.44
2024-11-22,3.44,3.44
2024-11-21,3.44,3.44
2024-11-20,3.44,3.45
2024-11-19,3.44,3.44
2024-11-18,3.44,3.44
2024-11-15,3.44,3.45
2024-11-14,3.44,-
2024-11-13,3.44,3.44
2024-11-12,3.44,3.45
2024-11-11,3.43,-
2024-11-08,3.43,3.43
2024-11-07,3.43,3.44
2024-11-06,3.44,-
2024-11-05,3.44,-
2024-11-04,3.43,3.43
2024-11-01,3.43,-
2024-10-31,3.43,3.43
2024-10-30,3.43,3.43
2024-10-29,3.41,3.41
2024-10-28,3.41,3.42
2024-10-25,3.40,3.40
2024-10-24,3.40,3.42
2024-10-23,3.40,3.41
2024-10-22,3.40,-
2024-10-21,3.39,-
2024-10-18,3.39,3.39
2024-10-17,3.39,3.40
2024-10-16,3.40,3.40
2024-10-15,3.40,3.40
2024-10-14,3.40,-
2024-10-11,3.40,3.39
2024-10-10,3.50,3.50
2024-10-08,3.51,3.51
2024-10-07,3.51,-
2024-10-04,3.52,3.51
2024-10-02,3.52,3.52
2024-09-30,3.53,3.53
2024-09-27,3.53,3.54
2024-09-26,3.53,3.54
2024-09-25,3.53,3.53
2024-09-24,3.53,3.53
2024-09-23,3.53,3.53
2024-09-20,3.53,3.54
2024-09-19,3.53,-
2024-09-13,3.53,3.54
2024-09-12,3.51,3.51
2024-09-11,3.51,3.51
2024-09-10,3.51,3.52
2024-09-09,3.51,3.51
2024-09-06,3.51,3.51
2024-09-05,3.51,3.52
2024-09-04,3.51,-
2024-09-03,3.51,-
2024-09-02,3.52,-
2024-08-30,3.52,-
2024-08-29,3.52,3.51
2024-08-28,3.52,3.52
2024-08-27,3.52,-
2024-08-26,3.51,-
2024-08-23,3.51,-
2024-08-22,3.51,3.51
2024-08-21,3.52,-
2024-08-20,3.51,3.51
2024-08-19,3.51,3.51
2024-08-16,3.51,3.51
2024-08-14,3.49,-
2024-08-13,3.49,3.51
2024-08-12,3.46,3.47
2024-08-09,3.47,3.47
2024-08-08,3.47,3.48
2024-08-07,3.48,3.49
2024-08-06,3.47,3.47
2024-08-05,3.48,-
2024-08-02,3.48,3.49
2024-08-01,3.49,3.48
2024-07-31,3.50,3.51
2024-07-30,3.50,3.50
2024-07-29,3.50,3.50
2024-07-26,3.50,3.50
2024-07-25,3.51,3.53
2024-07-24,3.51,3.51
2024-07-23,3.52,3.52
2024-07-22,3.52,3.52
2024-07-19,3.52,3.52
2024-07-18,3.52,3.53
2024-07-17,3.54,-
2024-07-16,3.55,3.57
2024-07-15,3.54,3.47
2024-07-12,3.55,-
2024-07-11,3.55,-
2024-07-10,3.55,-
2024-07-09,3.56,3.52
2024-07-08,3.57,3.56
2024-07-05,3.57,3.56
2024-07-04,3.58,-
2024-07-03,3.58,3.55
2024-07-02,3.60,3.60
2024-07-01,3.60,3.60
2024-06-28,3.60,3.60
2024-06-27,3.60,3.60
2024-06-26,3.60,-
2024-06-25,3.60,3.64
2024-06-24,3.60,3.60
2024-06-21,3.60,-
2024-06-20,3.60,3.61
2024-06-19,3.60,3.61
2024-06-18,3.60,3.60
2024-06-17,3.60,-
2024-06-14,3.60,3.61
2024-06-13,3.60,3.60
2024-06-12,3.60,3.61
2024-06-11,3.60,3.61
2024-06-10,3.60,3.60
2024-06-07,3.60,3.61
2024-06-05,3.60,-
2024-06-04,3.60,-
2024-06-03,3.61,3.61
2024-05-31,3.61,-
2024-05-30,3.60,3.60
2024-05-29,3.61,3.61
2024-05-28,3.62,3.62
2024-05-27,3.61,3.61
2024-05-24,3.60,-
2024-05-23,3.60,-
2024-05-22,3.60,-
2024-05-21,3.60,3.61
2024-05-20,3.60,3.60
2024-05-17,3.60,3.61
2024-05-16,3.60,3.60
2024-05-14,3.60,3.60
2024-05-13,3.59,-
2024-05-10,3.58,-
2024-05-09,3.58,3.60
2024-05-08,3.58,-
2024-05-07,3.58,3.58
2024-05-03,3.58,-
2024-05-02,3.57,-
2024-04-30,3.57,-
2024-04-29,3.57,3.57
2024-04-26,3.57,3.57
2024-04-25,3.57,3.57
2024-04-24,3.56,3.57
2024-04-23,3.56,-
2024-04-22,3.56,3.58
2024-04-19,3.55,3.55
2024-04-18,3.55,3.56
2024-04-17,3.55,-
2024-04-16,3.56,3.56
2024-04-15,3.56,3.57
2024-04-12,3.56,3.56
2024-04-11,3.57,-
2024-04-09,3.57,-
2024-04-08,3.56,3.57
2024-04-05,3.58,3.57
2024-04-04,3.62,-
2024-04-03,3.62,-
2024-04-02,3.63,-
2024-04-01,3.63,3.56
2024-03-29,3.64,-
2024-03-28,3.64,-
2024-03-27,3.63,3.61
2024-03-26,3.64,-
2024-03-25,3.65,3.65
2024-03-22,3.65,3.65
2024-03-21,3.65,3.68
2024-03-20,3.64,3.64
2024-03-19,3.64,3.64
2024-03-18,3.64,-
2024-03-15,3.64,3.64
2024-03-14,3.64,3.62
2024-03-13,3.65,3.64
2024-03-12,3.66,3.66
2024-03-11,3.67,3.67
2024-03-08,3.68,3.68
2024-03-07,3.68,3.68
2024-03-06,3.68,-
2024-03-05,3.68,-
2024-03-04,3.68,-
2024-02-29,3.69,3.69
2024-02-28,3.70,-
2024-02-27,3.70,3.67
2024-02-26,3.70,-
2024-02-23,3.70,-
2024-02-22,3.70,-
2024-02-21,3.70,3.72
2024-02-20,3.69,-
2024-02-19,3.69,-
2024-02-16,3.68,-
2024-02-15,3.68,3.69
2024-02-14,3.68,-
2024-02-13,3.67,-
2024-02-08,3.67,3.68
2024-02-07,3.67,3.68
2024-02-06,3.67,3.67
2024-02-05,3.67,3.66
2024-02-02,3.68,3.69
2024-02-01,3.68,3.68
2024-01-31,3.68,3.68
2024-01-30,3.68,3.68
2024-01-29,3.68,3.68
2024-01-26,3.68,-
2024-01-25,3.68,-
2024-01-24,3.68,3.68
2024-01-23,3.68,3.68
2024-01-22,3.68,-
2024-01-19,3.68,-
2024-01-18,3.69,-
2024-01-17,3.71,-
2024-01-16,3.72,-
2024-01-15,3.74,-
2024-01-12,3.77,-
2024-01-11,3.78,-
2024-01-10,3.79,-
2024-01-09,3.80,-
2024-01-08,3.81,-
2024-01-05,3.81,-
2024-01-04,3.82,3.82
2024-01-03,3.83,-
2024-01-02,3.83,-
2023-12-29,3.83,-
2023-12-28,3.83,-
2023-12-27,3.83,-
2023-12-26,3.83,3.83
2023-12-22,3.83,3.83
2023-12-21,3.83,-
2023-12-20,3.83,3.83
2023-12-19,3.83,-
2023-12-18,3.83,-
2023-12-15,3.83,3.84
2023-12-14,3.83,-
2023-12-13,3.84,3.84
2023-12-12,3.84,3.84
2023-12-11,3.84,-
2023-12-08,3.84,-
2023-12-07,3.84,-
2023-12-06,3.84,-
2023-12-05,3.84,-
2023-12-04,3.84,3.85
2023-12-01,3.84,3.85
2023-11-30,3.84,-
2023-11-29,3.84,-
2023-11-28,3.84,-
2023-11-27,3.84,-
2023-11-24,3.84,3.84
2023-11-23,3.84,-
2023-11-22,3.83,-
2023-11-21,3.83,-
2023-11-20,3.83,-
2023-11-17,3.83,3.83
2023-11-16,3.83,-
2023-11-15,3.83,-
2023-11-14,3.83,3.83
2023-11-13,3.83,-
2023-11-10,3.83,3.82
2023-11-09,3.83,3.83
2023-11-08,3.83,-
2023-11-07,3.83,-
2023-11-06,3.83,-
2023-11-03,3.83,3.82
2023-11-02,3.83,-
2023-11-01,3.83,-
2023-10-31,3.82,-
2023-10-30,3.82,-
2023-10-27,3.82,-
2023-10-26,3.82,-
2023-10-25,3.82,3.84
2023-10-24,3.82,-
2023-10-23,3.82,-
2023-10-20,3.82,-
2023-10-19,3.82,-
2023-10-18,3.82,-
2023-10-17,3.82,-
2023-10-16,3.82,-
2023-10-13,3.82,3.81
2023-10-12,3.82,3.83
2023-10-11,3.82,-
2023-10-10,3.82,-
2023-10-06,3.82,3.83
2023-10-05,3.83,3.83
2023-10-04,3.84,-
2023-09-27,3.83,3.83
2023-09-26,3.83,3.82
2023-09-25,3.83,-
2023-09-22,3.83,3.85
2023-09-21,3.82,3.83
2023-09-20,3.81,3.82
2023-09-19,3.80,-
2023-09-18,3.79,-
2023-09-15,3.78,3.80
2023-09-14,3.76,3.77
2023-09-13,3.75,3.79
2023-09-12,3.73,-
2023-09-11,3.72,-
2023-09-08,3.72,3.72
2023-09-07,3.72,3.72
2023-09-06,3.71,-
2023-09-05,3.70,-
2023-09-04,3.69,-
2023-09-01,3.68,3.67
2023-08-31,3.69,-
2023-08-30,3.69,3.69
2023-08-29,3.69,3.69
2023-08-28,3.69,3.68
2023-08-25,3.69,-
2023-08-24,3.69,3.69
2023-08-23,3.69,3.67
2023-08-22,3.70,3.69
2023-08-21,3.70,3.70
2023-08-18,3.70,3.71
2023-08-17,3.70,3.71
2023-08-16,3.70,3.70
2023-08-14,3.69,3.67
2023-08-11,3.69,3.70
2023-08-10,3.68,3.66
2023-08-09,3.70,-
2023-08-08,3.70,3.70
2023-08-07,3.72,3.72
2023-08-04,3.72,3.73
2023-08-03,3.73,-
2023-08-02,3.74,-
2023-08-01,3.74,-
2023-07-31,3.74,-
2023-07-28,3.74,-
2023-07-27,3.74,-
2023-07-26,3.75,-
2023-07-25,3.75,-
2023-07-24,3.75,-
2023-07-21,3.75,3.75
2023-07-20,3.75,3.75
2023-07-19,3.75,-
2023-07-18,3.75,-
2023-07-17,3.75,-
2023-07-14,3.75,-
2023-07-13,3.75,-
2023-07-12,3.75,3.75
2023-07-11,3.75,3.75
2023-07-10,3.75,-
2023-07-07,3.75,-
2023-07-06,3.74,-
2023-07-05,3.74,-
2023-07-04,3.74,-
2023-07-03,3.75,-
2023-06-30,3.75,-
2023-06-29,3.75,-
2023-06-28,3.75,-
2023-06-27,3.75,-
2023-06-26,3.75,-
2023-06-23,3.75,3.75
2023-06-22,3.75,-
2023-06-21,3.75,-
2023-06-20,3.75,-
2023-06-19,3.75,3.75
2023-06-16,3.75,3.75
2023-06-15,3.75,-
2023-06-14,3.75,-
2023-06-13,3.75,3.75
2023-06-12,3.75,3.75
2023-06-09,3.75,-
2023-06-08,3.75,-
2023-06-07,3.75,-
2023-06-05,3.76,3.76
2023-06-02,3.76,-
2023-06-01,3.76,3.76
2023-05-31,3.76,-
2023-05-30,3.76,-
2023-05-26,3.75,3.75
2023-05-25,3.75,3.77
2023-05-24,3.73,3.77
2023-05-23,3.70,3.75
2023-05-22,3.68,-
2023-05-19,3.67,-
2023-05-18,3.66,-
2023-05-17,3.65,3.70
2023-05-16,3.62,-
2023-05-15,3.62,-
2023-05-12,3.61,-
2023-05-11,3.60,-
2023-05-10,3.59,3.66
2023-05-09,3.55,3.56
2023-05-08,3.55,3.56
2023-05-04,3.55,3.56
2023-05-03,3.55,3.55
2023-05-02,3.53,-
2023-04-28,3.52,-
2023-04-27,3.52,3.53
2023-04-26,3.50,-
2023-04-25,3.49,-
2023-04-24,3.49,3.48
2023-04-21,3.49,3.50
2023-04-20,3.47,3.49
2023-04-19,3.45,3.45
2023-04-18,3.44,3.45
2023-04-17,3.43,3.44
2023-04-14,3.43,-
2023-04-13,3.43,3.43
2023-04-12,3.43,-
2023-04-11,3.48,3.46
2023-04-10,3.51,-
2023-04-07,3.53,-
2023-04-06,3.58,-
2023-04-05,3.59,-
2023-04-04,3.59,3.57
2023-04-03,3.59,-
2023-03-31,3.59,-
2023-03-30,3.59,-
2023-03-29,3.59,3.59
2023-03-28,3.59,-
2023-03-27,3.59,3.59
2023-03-24,3.59,3.58
2023-03-23,3.62,-
2023-03-22,3.62,-
2023-03-21,3.62,3.62
2023-03-20,3.62,3.63
2023-03-17,3.62,3.62
2023-03-16,3.62,3.64
2023-03-15,3.61,-
2023-03-14,3.61,3.66
2023-03-13,3.61,-
2023-03-10,3.61,-
2023-03-09,3.61,-
2023-03-08,3.61,3.59
2023-03-07,3.61,3.61
2023-03-06,3.61,-
2023-03-03,3.61,-
2023-03-02,3.61,3.64
2023-02-28,3.59,-
2023-02-27,3.59,3.59
2023-02-24,3.59,3.59
2023-02-23,3.59,3.65
2023-02-22,3.56,3.60
2023-02-21,3.54,-
2023-02-20,3.53,-
2023-02-17,3.52,-
2023-02-16,3.50,-
2023-02-15,3.49,-
2023-02-14,3.48,3.47
2023-02-13,3.48,-
2023-02-10,3.47,-
2023-02-09,3.46,-
2023-02-08,3.46,-
2023-02-07,3.46,-
2023-02-06,3.47,-
2023-02-03,3.49,-
2023-02-02,3.52,-
2023-02-01,3.59,-
2023-01-31,3.63,-
2023-01-30,3.63,-
2023-01-27,3.64,-
2023-01-26,3.65,-
2023-01-25,3.66,-
2023-01-20,3.67,-
2023-01-19,3.68,-
2023-01-18,3.70,-
2023-01-17,3.74,-
2023-01-16,3.79,-
2023-01-13,3.88,-
2023-01-12,3.87,-
2023-01-11,3.88,-
2023-01-10,3.90,-
2023-01-09,3.92,-
2023-01-06,3.92,-
2023-01-05,3.96,-
2023-01-04,3.96,-
2023-01-03,3.96,-
2023-01-02,3.98,-
2022-12-30,3.98,-
2022-12-29,3.98,3.95
2022-12-28,3.98,-
2022-12-27,3.98,3.90
2022-12-26,4.03,4.03
2022-12-23,4.03,-
2022-12-22,4.03,4.03
2022-12-21,4.03,4.04
2022-12-20,4.03,-
2022-12-19,4.03,-
2022-12-16,4.03,-
2022-12-15,4.03,-
2022-12-14,4.03,-
2022-12-13,4.03,-
2022-12-12,4.03,-
2022-12-09,4.03,-
2022-12-08,4.03,-
2022-12-07,4.03,-
2022-12-06,4.03,3.95
2022-12-05,4.03,-
2022-12-02,4.03,4.03
2022-12-01,4.03,4.03
2022-11-30,4.03,4.04
2022-11-29,4.03,4.02
2022-11-28,4.03,4.03
2022-11-25,4.03,4.03
2022-11-24,4.03,4.03
2022-11-23,4.02,4.02
2022-11-22,4.02,-
2022-11-21,4.01,4.05
2022-11-18,3.99,-
2022-11-17,3.99,3.99
2022-11-16,3.97,-
2022-11-15,3.97,-
2022-11-14,3.97,3.97
2022-11-11,3.97,-
2022-11-10,3.97,-
2022-11-09,3.97,-
2022-11-08,3.97,-
2022-11-07,3.97,-
2022-11-04,3.97,-
2022-11-03,3.97,-
2022-11-02,3.97,-
2022-11-01,3.97,-
2022-10-31,3.96,-
2022-10-28,3.95,-
2022-10-27,3.94,-
2022-10-26,3.94,-
2022-10-25,3.93,-
2022-10-24,3.92,-
2022-10-21,3.90,-
2022-10-20,3.85,-
2022-10-19,3.81,-
2022-10-18,3.76,-
2022-10-17,3.70,-
2022-10-14,3.66,-
2022-10-13,3.66,-
2022-10-12,3.63,-
2022-10-11,3.32,2.97
2022-10-07,3.32,3.32
2022-10-06,3.32,3.32
2022-10-05,3.32,3.22
2022-10-04,3.28,-
2022-09-30,3.24,-
2022-09-29,3.20,3.50
2022-09-28,3.14,-
2022-09-27,3.12,3.22
2022-09-26,3.09,3.11
2022-09-23,3.07,3.20
2022-09-22,3.04,-
2022-09-21,3.02,3.25
2022-09-20,3.00,2.93
2022-09-19,2.99,3.09
2022-09-16,2.97,2.96
2022-09-15,2.96,3.04
2022-09-14,2.94,-
2022-09-13,2.93,3.00
2022-09-08,2.93,-
2022-09-07,2.93,-
2022-09-06,2.93,-
2022-09-05,2.93,2.92
2022-09-02,2.93,2.87
2022-09-01,2.92,-
2022-08-31,2.92,2.91
2022-08-30,2.92,2.93
2022-08-29,2.92,2.92
2022-08-26,2.92,2.92
2022-08-25,2.92,2.92
2022-08-24,2.76,2.76
2022-08-23,2.76,2.77
2022-08-22,2.76,-
2022-08-19,2.76,2.76
2022-08-18,2.76,2.76
2022-08-17,2.76,2.75
2022-08-16,2.76,2.78
2022-08-12,2.76,-
2022-08-11,2.76,-
2022-08-10,2.76,2.77
2022-08-09,2.75,-
2022-08-08,2.75,2.75
2022-08-05,2.74,2.73
2022-08-04,2.74,2.75
2022-08-03,2.73,2.70
2022-08-02,2.73,2.73
2022-08-01,2.73,-
2022-07-29,2.73,2.68
2022-07-28,2.74,2.80
2022-07-27,2.68,2.78
2022-07-26,2.61,2.79
2022-07-25,2.59,-
2022-07-22,2.58,2.58
2022-07-21,2.58,2.59
2022-07-20,2.58,-
2022-07-19,2.58,2.58
2022-07-18,2.58,2.59
2022-07-15,2.58,2.58
2022-07-14,2.58,-
2022-07-13,2.57,-
2022-07-12,2.14,-
2022-07-11,2.12,-
2022-07-08,2.05,-
2022-07-07,2.05,-
2022-07-06,2.05,-
2022-07-05,2.05,-
2022-07-04,2.05,-
2022-07-01,2.05,-
2022-06-30,2.04,-
2022-06-29,2.04,-
2022-06-28,2.02,2.12
2022-06-27,2.00,-
2022-06-24,2.00,-
2022-06-23,2.00,2.01
2022-06-22,2.00,2.00
2022-06-21,1.99,1.98
2022-06-20,1.99,2.00
2022-06-17,1.99,1.99
2022-06-16,1.99,2.01
2022-06-15,1.97,1.98
2022-06-14,1.97,-
2022-06-13,1.96,-
2022-06-10,1.96,-
2022-06-09,1.96,-
2022-06-08,1.96,-
2022-06-07,1.96,-
2022-06-03,1.96,1.96
2022-06-02,1.96,1.97
2022-05-31,1.96,1.96
2022-05-30,1.96,1.96
2022-05-27,1.96,1.97
2022-05-26,1.96,-
2022-05-25,1.75,-
2022-05-24,1.75,-
2022-05-23,1.75,1.80
2022-05-20,1.72,-
2022-05-19,1.72,-
2022-05-18,1.72,1.75
2022-05-17,1.72,-
2022-05-16,1.72,-
2022-05-13,1.72,1.72
2022-05-12,1.72,1.73
2022-05-11,1.72,-
2022-05-10,1.72,1.72
2022-05-09,1.72,1.72
2022-05-06,1.72,1.72
2022-05-04,1.72,1.73
2022-05-03,1.72,1.72
2022-05-02,1.72,1.72
2022-04-29,1.72,1.73
2022-04-28,1.72,1.72
2022-04-27,1.72,-
2022-04-26,1.72,-
2022-04-25,1.72,-
2022-04-22,1.72,-
2022-04-21,1.72,-
2022-04-20,1.72,-
2022-04-19,1.72,-
2022-04-18,1.72,-
2022-04-15,1.72,1.72
2022-04-14,1.72,1.70
2022-04-13,1.51,-
2022-04-12,1.51,-
2022-04-11,1.51,1.51
2022-04-08,1.51,1.48
2022-04-07,1.51,1.51
2022-04-06,1.51,-
2022-04-05,1.51,1.48
2022-04-04,1.51,1.50
2022-04-01,1.51,1.54
2022-03-31,1.51,-
2022-03-30,1.51,-
2022-03-29,1.51,-
2022-03-28,1.51,1.58
2022-03-25,1.51,-
2022-03-24,1.51,1.52
2022-03-23,1.50,1.52
2022-03-22,1.50,-
2022-03-21,1.50,-
2022-03-18,1.50,-
2022-03-17,1.50,-
2022-03-16,1.50,-
2022-03-15,1.50,-
2022-03-14,1.50,-
2022-03-11,1.50,-
2022-03-10,1.50,-
2022-03-08,1.50,-
2022-03-07,1.50,1.47
2022-03-04,1.50,1.50
2022-03-03,1.50,1.48
2022-03-02,1.50,1.50
2022-02-28,1.50,1.50
2022-02-25,1.50,1.51
2022-02-24,1.50,1.50
2022-02-23,1.50,1.50
2022-02-22,1.50,1.50
2022-02-21,1.50,1.50
2022-02-18,1.50,1.50
2022-02-17,1.50,-
2022-02-16,1.50,1.50
2022-02-15,1.50,1.50
2022-02-14,1.50,1.51
2022-02-11,1.50,1.51
2022-02-10,1.50,1.51
2022-02-09,1.50,-
2022-02-08,1.50,1.51
2022-02-07,1.50,1.50
2022-02-04,1.50,1.50
2022-02-03,1.50,1.50
2022-01-28,1.50,1.50
2022-01-27,1.50,-
2022-01-26,1.49,1.50
2022-01-25,1.48,-
2022-01-24,1.46,-
2022-01-21,1.46,-
2022-01-20,1.46,1.46
2022-01-19,1.46,-
2022-01-18,1.45,-
2022-01-17,1.44,1.44
2022-01-14,1.43,1.50
2022-01-13,1.35,1.47
2022-01-12,1.31,1.45
2022-01-11,1.30,1.30
2022-01-10,1.30,1.31
2022-01-07,1.30,-
2022-01-06,1.30,-
2022-01-05,1.30,-
2022-01-04,1.30,-
2022-01-03,1.30,1.31
2021-12-31,1.29,-
2021-12-30,1.29,1.29
2021-12-29,1.28,-
2021-12-28,1.28,-
2021-12-27,1.28,-
2021-12-24,1.27,-
2021-12-23,1.27,1.27
2021-12-22,1.27,-
2021-12-21,1.27,1.28
2021-12-20,1.27,1.27
2021-12-17,1.27,1.27
2021-12-16,1.27,1.26
2021-12-15,1.27,1.28
2021-12-14,1.27,-
2021-12-13,1.27,1.32
2021-12-10,1.27,1.26
2021-12-09,1.27,1.29
2021-12-08,1.27,-
2021-12-07,1.27,-
2021-12-06,1.27,1.27
2021-12-03,1.27,1.30
2021-12-02,1.26,-
2021-12-01,1.26,1.26
2021-11-30,1.26,1.27
2021-11-29,1.25,1.25
2021-11-26,1.25,1.25
2021-11-25,1.25,1.24
2021-11-24,1.20,1.21
2021-11-23,1.19,-
2021-11-22,1.18,-
2021-11-19,1.17,1.21
2021-11-18,1.15,-
2021-11-17,1.15,-
2021-11-16,1.15,1.14
2021-11-15,1.15,-
2021-11-12,1.15,1.15
2021-11-11,1.15,1.14
2021-11-10,1.15,-
2021-11-09,1.14,-
2021-11-08,1.14,-
2021-11-05,1.13,-
2021-11-04,1.13,1.15
2021-11-03,1.12,1.11
2021-11-02,1.12,1.12
2021-11-01,1.12,1.13
2021-10-29,1.12,-
2021-10-28,1.10,1.10
2021-10-27,1.10,-
2021-10-26,1.09,-
2021-10-25,1.09,-
2021-10-22,1.09,-
2021-10-21,1.09,-
2021-10-20,1.09,-
2021-10-19,1.09,-
2021-10-18,1.08,-
2021-10-15,1.07,-
2021-10-14,1.07,1.06
2021-10-13,1.07,-
2021-10-12,1.06,-
2021-10-08,1.05,-
2021-10-07,1.05,-
2021-10-06,1.05,-
2021-10-05,1.04,-
2021-10-01,1.04,-
2021-09-30,1.04,1.04
2021-09-29,1.04,-
2021-09-28,1.04,-
2021-09-27,1.03,1.06
2021-09-24,1.02,1.02
2021-09-23,1.02,-
2021-09-17,1.01,-
2021-09-16,1.01,1.02
2021-09-15,1.01,-
2021-09-14,1.00,-
2021-09-13,1.00,1.10
2021-09-10,0.96,1.05
2021-09-09,0.93,-
2021-09-08,0.92,-
2021-09-07,0.92,-
2021-09-06,0.92,-
2021-09-03,0.92,0.92
2021-09-02,0.92,-
2021-09-01,0.92,0.93
2021-08-31,0.92,-
2021-08-30,0.92,-
2021-08-27,0.92,0.92
2021-08-26,0.92,-
2021-08-25,0.77,-
2021-08-24,0.77,-
2021-08-23,0.77,0.77
2021-08-20,0.76,-
2021-08-19,0.76,0.73
2021-08-18,0.75,0.79
2021-08-17,0.74,-
2021-08-13,0.73,-
2021-08-12,0.72,0.76
2021-08-11,0.71,-
2021-08-10,0.71,0.72
2021-08-09,0.70,-
2021-08-06,0.70,-
2021-08-05,0.70,-
2021-08-04,0.70,0.70
2021-08-03,0.70,0.72
2021-08-02,0.70,0.70
2021-07-30,0.70,-
2021-07-29,0.70,-
2021-07-28,0.70,-
2021-07-27,0.70,0.71
2021-07-26,0.70,0.71
2021-07-23,0.70,-
2021-07-22,0.70,-
2021-07-21,0.70,-
2021-07-20,0.70,-
2021-07-19,0.70,-
2021-07-16,0.70,-
2021-07-15,0.69,-
2021-07-14,0.69,-
2021-07-13,0.69,-
2021-07-12,0.68,-
2021-07-09,0.68,-
2021-07-08,0.69,-
2021-07-07,0.69,-
2021-07-06,0.69,0.69
2021-07-05,0.69,0.70
2021-07-02,0.69,-
2021-07-01,0.69,0.70
2021-06-30,0.68,0.67
2021-06-29,0.68,-
2021-06-28,0.67,-
2021-06-25,0.67,-
2021-06-24,0.67,0.68
2021-06-23,0.66,-
2021-06-22,0.66,-
2021-06-21,0.66,-
2021-06-18,0.66,-
2021-06-17,0.66,-
2021-06-16,0.66,-
2021-06-15,0.66,0.68
2021-06-14,0.66,0.67
2021-06-11,0.66,0.66
2021-06-10,0.66,0.67
2021-06-09,0.66,-
2021-06-08,0.66,0.69
2021-06-07,0.66,0.68
2021-06-04,0.66,0.66
2021-06-03,0.66,0.67
2021-06-02,0.66,-
2021-06-01,0.66,-
2021-05-31,0.66,-
2021-05-28,0.66,0.66
2021-05-27,0.66,0.66
2021-05-26,0.66,0.66
2021-05-25,0.66,0.67
2021-05-24,0.66,-
2021-05-21,0.66,-
2021-05-20,0.66,-
2021-05-18,0.67,-
2021-05-17,0.67,-
2021-05-14,0.67,-
2021-05-13,0.67,-
2021-05-12,0.69,-
2021-05-11,0.69,0.62
2021-05-10,0.71,-
2021-05-07,0.72,-
2021-05-06,0.73,-
2021-05-04,0.73,-
2021-05-03,0.73,-
2021-04-30,0.73,-
2021-04-29,0.73,0.64
2021-04-28,0.73,-
2021-04-27,0.73,-
2021-04-26,0.73,0.64
2021-04-23,0.73,0.64
2021-04-22,0.73,0.73
2021-04-21,0.73,0.73
2021-04-20,0.73,-
2021-04-19,0.73,-
2021-04-16,0.73,-
2021-04-15,0.73,-
2021-04-14,0.73,-
2021-04-13,0.73,-
2021-04-12,0.75,-
2021-04-09,0.75,-
2021-04-08,0.75,-
2021-04-07,0.75,-
2021-04-06,0.75,-
2021-04-05,0.75,-
2021-04-02,0.75,-
2021-04-01,0.75,-
2021-03-31,0.75,-
2021-03-30,0.75,-
2021-03-29,0.75,0.73
2021-03-26,0.75,-
2021-03-25,0.75,0.74
2021-03-24,0.75,-
2021-03-23,0.75,0.76
2021-03-22,0.75,-
2021-03-19,0.75,-
2021-03-18,0.75,0.75
2021-03-17,0.75,-
2021-03-16,0.75,0.75
2021-03-15,0.75,-
2021-03-12,0.75,-
2021-03-11,0.75,-
2021-03-10,0.75,0.75
2021-03-09,0.75,0.76
2021-03-08,0.74,-
2021-03-05,0.74,0.74
2021-03-04,0.74,-
2021-03-03,0.74,0.71
2021-03-02,0.74,-
2021-02-26,0.74,-
2021-02-25,0.74,0.73
2021-02-24,0.74,0.74
2021-02-23,0.74,0.73
2021-02-22,0.74,0.74
2021-02-19,0.74,0.74
2021-02-18,0.74,0.75
2021-02-17,0.74,0.74
2021-02-16,0.74,0.74
2021-02-15,0.73,0.74
2021-02-10,0.73,-
2021-02-09,0.73,0.73
2021-02-08,0.73,0.73
2021-02-05,0.73,0.74
2021-02-04,0.73,0.74
2021-02-03,0.73,0.74
2021-02-02,0.73,0.74
2021-02-01,0.70,-
2021-01-29,0.70,-
2021-01-28,0.70,-
2021-01-27,0.70,0.77
2021-01-26,0.69,-
2021-01-25,0.69,-
2021-01-22,0.69,-
2021-01-21,0.69,-
2021-01-20,0.69,-
2021-01-19,0.69,0.68
2021-01-18,0.69,0.70
2021-01-15,0.67,-
2021-01-14,0.67,-
2021-01-13,0.67,-
2021-01-12,0.66,-
2021-01-11,0.66,-
2021-01-08,0.66,-
2021-01-07,0.66,-
2021-01-06,0.66,-
2021-01-05,0.66,-
2021-01-04,0.66,-
2020-12-31,0.66,-
2020-12-30,0.66,-
2020-12-29,0.66,-
2020-12-28,0.66,-
2020-12-24,0.66,-
2020-12-23,0.66,-
2020-12-22,0.66,-
2020-12-21,0.66,-
2020-12-18,0.66,-
2020-12-17,0.66,-
2020-12-16,0.66,-
2020-12-15,0.66,-
2020-12-14,0.66,-
2020-12-11,0.66,-
2020-12-10,0.66,-
2020-12-09,0.66,-
2020-12-08,0.66,-
2020-12-07,0.66,-
2020-12-04,0.66,-
2020-12-03,0.66,-
2020-12-02,0.66,-
2020-12-01,0.66,-
2020-11-30,0.66,-
2020-11-27,0.66,-
2020-11-26,0.66,-
2020-11-25,0.66,-
2020-11-24,0.66,-
2020-11-23,0.66,-
2020-11-20,0.66,-
2020-11-19,0.66,-
2020-11-18,0.66,-
2020-11-17,0.66,-
2020-11-16,0.66,-
2020-11-13,0.66,-
2020-11-12,0.66,-
2020-11-11,0.66,-
2020-11-10,0.66,-
2020-11-09,0.66,-
2020-11-06,0.66,-
2020-11-05,0.66,0.64
2020-11-04,0.67,-
2020-11-03,0.67,0.68
2020-11-02,0.63,-
2020-10-30,0.63,-
2020-10-29,0.63,-
2020-10-28,0.63,-
2020-10-27,0.63,-
2020-10-26,0.63,-
2020-10-23,0.63,-
2020-10-22,0.63,-
2020-10-21,0.63,-
2020-10-20,0.63,-
2020-10-19,0.63,-
2020-10-16,0.63,-
2020-10-15,0.63,-
2020-10-14,0.63,-
2020-10-13,0.63,-
2020-10-12,0.63,-
2020-10-08,0.63,-
2020-10-07,0.63,-
2020-10-06,0.63,-
2020-10-05,0.63,-
2020-09-29,0.63,-
2020-09-28,0.63,-
2020-09-25,0.63,-
2020-09-24,0.63,-
2020-09-23,0.63,-
2020-09-22,0.63,-
2020-09-21,0.63,-
2020-09-18,0.63,0.63
2020-09-17,0.63,-
2020-09-16,0.63,-
2020-09-15,0.63,-
2020-09-14,0.63,-
2020-09-11,0.63,-
2020-09-10,0.63,-
2020-09-09,0.63,0.61
2020-09-08,0.63,-
2020-09-07,0.63,0.68
2020-09-04,0.63,-
2020-09-03,0.63,-
2020-09-02,0.63,0.63
2020-09-01,0.63,-
2020-08-31,0.63,-
2020-08-28,0.63,-
2020-08-27,0.63,0.63
2020-08-26,0.63,-
2020-08-25,0.63,0.63
2020-08-24,0.63,0.63
2020-08-21,0.63,-
2020-08-20,0.63,-
2020-08-19,0.63,0.61
2020-08-18,0.64,0.60
2020-08-14,0.65,-
2020-08-13,0.67,-
2020-08-12,0.70,-
2020-08-11,0.73,-
2020-08-10,0.74,-
2020-08-07,0.75,0.59
2020-08-06,0.76,-
2020-08-05,0.76,-
2020-08-04,0.76,-
2020-08-03,0.78,0.58
2020-07-31,0.78,-
2020-07-30,0.78,-
2020-07-29,0.78,0.61
2020-07-28,0.78,0.59
2020-07-27,0.78,0.80
2020-07-24,0.78,-
2020-07-23,0.78,-
2020-07-22,0.79,-
2020-07-21,0.79,-
2020-07-20,0.79,-
2020-07-17,0.79,-
2020-07-16,0.79,-
2020-07-15,0.79,-
2020-07-14,0.79,-
2020-07-13,0.79,-
2020-07-10,0.79,-
2020-07-09,0.79,-
2020-07-08,0.79,-
2020-07-07,0.79,-
2020-07-06,0.79,-
2020-07-03,0.79,-
2020-07-02,0.79,-
2020-07-01,0.79,-
2020-06-30,0.79,-
2020-06-29,0.79,-
2020-06-26,0.79,-
2020-06-25,0.79,-
2020-06-24,0.79,-
2020-06-23,0.79,-
2020-06-22,0.79,-
2020-06-19,0.79,-
2020-06-18,0.79,-
2020-06-17,0.79,-
2020-06-16,0.79,-
2020-06-15,0.79,-
2020-06-12,0.79,-
2020-06-11,0.79,-
2020-06-10,0.79,-
2020-06-09,0.79,-
2020-06-08,0.79,0.83
2020-06-05,0.79,0.67
2020-06-04,0.80,0.70
2020-06-03,0.81,-
2020-06-02,0.81,-
2020-06-01,0.81,-
2020-05-29,0.81,-
2020-05-28,0.81,-
2020-05-27,1.02,1.02
2020-05-26,1.02,-
2020-05-25,1.02,0.80
2020-05-22,1.02,0.80
2020-05-21,1.02,0.81
2020-05-20,1.02,0.88
2020-05-19,1.02,1.03
2020-05-18,1.05,-
2020-05-15,1.05,-
2020-05-14,1.05,-
2020-05-13,1.05,-
2020-05-12,1.05,1.06
2020-05-11,1.05,1.05
2020-05-08,1.08,1.08
2020-05-07,1.08,1.09
2020-05-06,1.10,-
2020-05-04,1.10,1.10
2020-04-29,1.10,1.10
2020-04-28,1.10,-
2020-04-27,1.10,-
2020-04-24,1.10,-
2020-04-23,1.10,-
2020-04-22,1.10,1.10
2020-04-21,1.10,-
2020-04-20,1.10,-
2020-04-17,1.10,1.10
2020-04-16,1.10,1.11
2020-04-14,1.10,-
2020-04-13,1.10,-
2020-04-10,1.10,1.10
2020-04-09,1.10,1.10
2020-04-08,1.10,-
2020-04-07,1.10,-
2020-04-06,1.10,1.10
2020-04-03,1.10,1.10
2020-04-02,1.10,-
2020-04-01,1.10,-
2020-03-31,1.10,-
2020-03-30,1.10,-
2020-03-27,1.10,-
2020-03-26,1.10,-
2020-03-25,1.10,-
2020-03-24,1.07,-
2020-03-23,1.02,-
2020-03-20,1.02,-
2020-03-19,1.02,-
2020-03-18,1.02,-
2020-03-17,1.02,-
2020-03-16,1.39,-
2020-03-13,1.39,1.36
2020-03-12,1.39,1.25
2020-03-11,1.40,-
2020-03-10,1.40,-
2020-03-09,1.40,-
2020-03-06,1.40,-
2020-03-05,1.40,-
2020-03-04,1.40,-
2020-03-03,1.41,-
2020-03-02,1.41,-
2020-02-28,1.41,1.25
2020-02-27,1.41,1.28
2020-02-26,1.41,-
2020-02-25,1.41,-
2020-02-24,1.41,-
2020-02-21,1.41,-
2020-02-20,1.41,1.29
2020-02-19,1.42,-
2020-02-18,1.42,1.34
2020-02-17,1.42,-
2020-02-14,1.42,-
2020-02-13,1.42,1.36
2020-02-12,1.42,-
2020-02-11,1.42,-
2020-02-10,1.42,1.35
2020-02-07,1.42,1.36
2020-02-06,1.42,1.39
2020-02-05,1.42,1.41
2020-02-04,1.42,1.40
2020-02-03,1.42,-
2020-01-31,1.42,1.40
2020-01-30,1.43,1.43
2020-01-29,1.46,-
2020-01-28,1.46,-
2020-01-23,1.46,-
2020-01-22,1.46,-
2020-01-21,1.46,-
2020-01-20,1.46,1.49
2020-01-17,1.46,-
2020-01-16,1.46,-
2020-01-15,1.46,-
2020-01-14,1.46,-
2020-01-13,1.46,-
2020-01-10,1.46,-
2020-01-09,1.46,1.46
2020-01-08,1.46,1.46
2020-01-07,1.46,1.47
2020-01-06,1.49,1.49
2020-01-03,1.53,-
2020-01-02,1.53,-
