Date,Samsung,Hyundai,SKHynix,KaKao,Naver
2020-01-03,0.005420067,-0.017094433,-0.002114166,0,-0.005494519
2020-01-06,0,0,-0.002118645,0.01301565,-0.005524876
2020-01-07,0.005390849,-0.004319661,-0.003186407,0.034982339,0.035377839
2020-01-08,0.017762456,-0.030771659,0.035531428,-0.003118765,-0.021622464
2020-01-09,0.031198371,-0.00447428,0.016293639,0.027815935,0.016260521
2020-01-10,0.015241616,0.017778246,-0.001010612,0.0060877,0.010695289
2020-01-13,0.00836825,0.013129291,0.016048489,0.012035501,0
2020-01-14,0,0.008658063,0,0,0.013210232
2020-01-15,-0.016807118,-0.008658063,-0.023151512,0.017800588,0.005235614
2020-01-16,0.028406254,0.029980832,0.010131799,0.008782864,0
2020-01-17,0.009836145,0,-0.002018164,-0.017643551,-0.002614381
2020-01-20,0.017785432,-0.004228336,0.009049836,0,-0.018494583
2020-01-21,-0.01615544,-0.00851069,-0.006024115,-0.020975402,-0.029772158
2020-01-22,0.014551591,0.082013152,0.016974946,0.00602085,0.021739987
2020-01-23,-0.024371637,0.02718614,-0.02303557,-0.003005894,-0.016260521
2020-01-28,-0.033447934,0.003824096,-0.024616628,-0.018288932,-0.024897552
2020-01-29,0.00508907,0,0.016478231,0.006143708,0.00836825
2020-01-30,-0.032677026,-0.027080959,-0.040651767,-0.009214398,0
2020-01-31,-0.01408474,-0.019802627,-0.005333346,-0.018718826,-0.002781643
2020-02-03,0.01408474,-0.012072581,0.012752564,0.003159857,-0.011204599
2020-02-04,0.029287192,0.00404041,0.025027375,0.030849273,0.016760169
2020-02-05,0.010135222,0,0.006160184,-0.009158325,0.005524876
2020-02-06,0.026535554,0.062520357,0.028256168,0.018233537,0
2020-02-07,-0.011522761,-0.007604599,-0.012012156,0.009023336,0.019100171
2020-02-10,-0.011657085,-0.007662873,-0.005047966,0.008913164,-0.008141158
2020-02-11,0.003344485,0.019048195,0.010070579,0.005878739,0.005434796
2020-02-12,0.00996686,0.02607224,0.002002003,0.011712738,0.002706362
2020-02-13,0.003300333,-0.022305758,0.019802627,0.039891167,-0.002706362
2020-02-14,0.017959666,0.00375235,0.024214258,0.005578931,0.010781776
2020-02-17,-0.00486619,0.014870162,0.004773279,0.002764036,0.010666768
2020-02-18,-0.028031514,-0.022388995,-0.028987537,0.008273938,-0.010666768
2020-02-19,0.006666691,-0.007575794,0.014598799,0.043024877,0.015957785
2020-02-20,-0.00332779,-0.011472401,0.004819286,0.002618762,0.002635048
2020-02-21,-0.01342302,-0.015504187,-0.009661911,-0.005270692,-0.002635048
2020-02-24,-0.041385216,-0.043919234,-0.034571344,-0.032166907,-0.029453267
2020-02-25,0.019181059,0,-0.015190165,0.010828725,0.034716437
2020-02-26,-0.024476746,0,-0.035310003,-0.0081173,-0.018543578
2020-02-27,-0.010676258,-0.012320484,-0.019210836,-0.030349508,-0.02710193
2020-02-28,-0.030883472,-0.050858417,-0.054246835,-0.037076031,-0.044951388
2020-03-02,0.014652277,-0.013129291,0.046675139,0.017287359,0.005730675
2020-03-03,0.007246409,-0.008849615,0.007571697,0,0
2020-03-04,0.03546471,0.004434597,0.01603455,0.025383286,0.019802627
2020-03-05,0.006944472,0.00881063,0.006342516,0,0.01390843
2020-03-06,-0.022748138,-0.031182927,-0.024534564,-0.022540356,-0.008321823
2020-03-09,-0.04155973,-0.060624622,-0.063531109,-0.04663493,-0.066211229
2020-03-10,0.007352974,-0.019418086,0.025001302,0.032309963,0.023530497
2020-03-11,-0.046868934,-0.019802627,-0.041242959,-0.023396799,-0.01169604
2020-03-12,-0.025268594,-0.051293294,-0.032088315,-0.048502773,-0.020803128
2020-03-13,-0.016873849,-0.085672561,-0.003629768,-0.012518068,-0.003007521
2020-03-16,-0.021245109,-0.050569269,-0.023299644,-0.075070184,-0.068562671
2020-03-17,-0.033267101,-0.034359208,-0.002484473,0,-0.02614528
2020-03-18,-0.036602579,-0.085990448,-0.095185809,-0.045046126,-0.033673215
2020-03-19,-0.059871068,-0.109146965,-0.057721862,-0.050919563,-0.013793322
2020-03-20,0.055475457,0.075948895,0.08071138,0.109453111,0.067139303
2020-03-23,-0.066008029,-0.031431159,-0.074931017,-0.040985859,-0.074107972
2020-03-24,0.09957913,0.082161707,0.125756288,0.073864904,0.087011377
2020-03-25,0.035568603,0.121933649,0.071108379,0,0
2020-03-26,-0.017626169,0.004722559,-0.046012959,-0.026236048,-0.022691411
2020-03-27,0.010405921,0.017513582,0.031709974,0.013220398,0.072701832
2020-03-30,-0.009360443,-0.011641575,0.004790428,0.003261688,-0.009188426
2020-03-31,-0.002092051,0.037913789,-0.004790428,0.016214826,0.045120435
2020-04-01,-0.041694976,-0.037913789,-0.060624622,-0.032696911,-0.042048236
2020-04-02,0.021599112,0.013953715,0.020202707,0.04229474,0.062427399
2020-04-03,0.004264399,-0.003470217,-0.005012542,0.00316837,-0.008683123
2020-04-06,0.035531428,0.028557052,0.043030609,0.018895387,0.005797118
2020-04-07,0.018311804,0.017857617,0.031974305,-0.00314011,-0.020438668
2020-04-08,-0.020367303,-0.004434597,-0.015267472,-0.012565381,-0.017857617
2020-04-09,0.010235504,0.075931705,0.005899722,0,0.005988042
2020-04-10,0.003050333,0.026424302,-0.01064469,0.018804827,-0.005988042
2020-04-13,-0.019477807,-0.0192411,-0.032631294,-0.021994723,-0.003007521
2020-04-14,0.014388737,0.022245609,0.010995835,0.012636512,0.014947961
2020-04-16,0,-0.009040745,-0.012225091,0.036918591,0.011799547
2020-04-17,0.047817874,0.014028286,0.03386055,0.038533871,0.048650509
2020-04-20,-0.025617164,-0.029280234,-0.02528732,0.017287359,0.005571045
2020-04-21,-0.01711164,-0.042916057,-0.008573231,0.00284293,-0.00836825
2020-04-22,0.012109129,-0.009672295,0.031479597,0.008508765,0.019418086
2020-04-23,0,-0.002162163,-0.015615933,0.046903784,0.043017385
2020-04-24,-0.010080731,-0.025206814,-0.014634408,-0.013547521,0.013072082
2020-04-27,0.010080731,0.016511107,0.014634408,0.005430222,0.025642431
2020-04-28,0.005002512,0.01731645,0.009638629,0.005427825,0.002528446
2020-04-29,-0.001998003,0.004282662,0.003590668,-0.005427825,-0.002528446
2020-05-04,-0.030459207,-0.022691411,-0.032789823,0.013501362,0.00756624
2020-05-06,0.014329826,0.018408749,0.017136282,0.067401208,0.06328145
2020-05-07,-0.008163311,-0.00645858,0,0.032045991,0.016374635
2020-05-08,0,0.020310693,0.03106582,0,-0.006984895
2020-05-11,-0.008230499,-0.008501645,-0.005899722,0.007253481,0.002333723
2020-05-12,-0.010384309,-0.01939716,0.014101291,0.033178567,0.023042494
2020-05-13,0.01347869,0.012973155,-0.024809306,0.009294005,-0.004566218
2020-05-14,-0.011393184,-0.008630043,-0.036544871,0.038507963,0.002285715
2020-05-15,-0.003129893,0,0.016000341,-0.015688959,-0.027779564
2020-05-18,0.019659195,-0.004343112,-0.00981603,-0.002251847,0.009345862
2020-05-19,0.030274764,0.075428412,0.019536641,-0.004541611,-0.007001195
2020-05-20,-0.005982072,-0.018330452,0.016786965,0.050947876,0.039040549
2020-05-21,-0.0010005,-0.001028278,-0.008358258,0.025602928,0.01342302
2020-05-22,-0.024317308,-0.028170877,-0.025502293,0.039224747,0.02415046
2020-05-25,0.002049181,0.015748357,0.001229256,0.081597741,0.044546071
2020-05-26,0.008154989,0.018576386,0.006123718,0.007426992,-0.008333382
2020-05-27,0.013111635,0.00306279,-0.006123718,-0.0358231,-0.044927342
2020-05-28,0.009970172,-0.009216655,0.03025034,0.024652495,0.051183879
2020-05-29,0.005934736,0.008196767,-0.029022593,-0.013204673,-0.06218509
2020-06-01,0.009813621,0.020202707,0.0254405,0.001907875,0.047525142
2020-06-02,0.00389864,0.024692613,-0.003594971,-0.017188146,-0.012739026
2020-06-03,0.058562529,0.056887374,0.06281134,-0.039314409,-0.037000956
2020-06-04,0.001833181,0,-0.01133799,0.017890839,0.030570066
2020-06-05,0.016349138,0.022780028,0.030322368,-0.011898208,-0.006472515
2020-06-08,-0.010869672,0.017857617,0.006615239,0.021677235,0.040302379
2020-06-09,0.010869672,-0.008888947,-0.013274531,-0.007819471,-0.012552466
2020-06-10,-0.001803427,-0.00447428,0.01107431,0.029036756,0.027000602
2020-06-11,-0.020055367,-0.027274418,-0.025656734,0.011382667,-0.014448136
2020-06-12,-0.037527856,-0.04717856,-0.038001118,0.003771854,0.006217637
2020-06-15,-0.046975368,-0.064860634,-0.038282187,-0.052072376,-0.044357853
2020-06-16,0.043143946,0.04534782,0.040626854,0.040732805,0.050537069
2020-06-17,0.001917546,-0.009901071,0.016260521,0,0.030335997
2020-06-18,0.001913876,-0.004987542,-0.006936444,0.001892578,-0.014042357
2020-06-19,0.011406968,0,-0.009324077,0,0.008048333
2020-06-22,-0.01715962,-0.015113638,-0.005872007,0.039083985,0.078963044
2020-06-23,-0.011605546,0.002028398,-0.009467526,0.026997882,0.021978907
2020-06-24,0.028765166,0.042644042,0.022340729,0.003551146,0.010810916
2020-06-25,-0.019084549,-0.035576875,-0.019965431,-0.028732365,-0.034643391
2020-06-26,0.026617541,0.006018072,0.003552402,0,-0.001857011
2020-06-29,-0.01702974,-0.023268627,-0.011890747,-0.025831729,-0.018762276
2020-06-30,0.007604599,0,0.017783515,0,0.011299555
2020-07-01,-0.003795071,0.005104656,0.002347419,0.007459398,0.007462721
2020-07-02,0.005687219,0.008113635,-0.010607053,0.057665642,0.029306127
2020-07-03,0.013145729,0.002018164,0.011778699,0.029336492,0.001803427
2020-07-06,0.025784117,0.022920784,0.007001195,0.021873908,0.014311514
2020-07-07,-0.029522439,-0.022920784,-0.014051753,0.032733664,-0.007130155
2020-07-08,-0.007518832,0.00402415,-0.013056565,0.054837118,0.010676258
2020-07-09,-0.003780723,0,-0.00839837,0.080501792,0.01754431
2020-07-10,-0.001895735,-0.013138137,-0.002412546,0,0.039220713
2020-07-13,0.01319529,0.032034771,0.002412546,-0.009886987,-0.006711435
2020-07-14,0.007462721,0,-0.001205546,-0.025908816,-0.034249923
2020-07-15,0.016590242,0.071289084,0.001205546,-0.016165991,-0.00174368
2020-07-16,-0.016590242,0.009132484,-0.003621006,-0.04701291,-0.048266741
2020-07-17,0.011090687,0.065957968,0.00241546,0.009271447,0.010929071
2020-07-20,-0.003683245,0.033475929,-0.00847976,-0.047241511,-0.048246834
2020-07-21,0.020092,0,0.022851265,0.019165237,0.026267927
2020-07-22,-0.010909199,-0.025001302,-0.010759219,0.006302426,0
2020-07-23,-0.011029524,0.049392755,-0.009661911,0.03553693,0.050552279
2020-07-24,0.001846723,-0.016194686,0.015653541,-0.015297248,-0.010619569
2020-07-27,0.025502293,0.008130126,-0.010810916,0.006153112,0.012378584
2020-07-28,0.052551495,-0.004056801,0.00361664,0.009144136,0.012227227
2020-07-29,0.006802747,0.016129382,0.001202646,0.006044956,0.013793322
2020-07-30,0,0.019802627,0.024927107,0.001501795,0.006825965
2020-07-31,-0.018820059,-0.007874056,-0.029746393,0.034063611,0.023530497
2020-08-03,-0.019181059,0.003944778,-0.012150818,0.063444676,0.043873811
2020-08-04,0.008764298,0.042395559,-0.002447982,0.010871512,-0.011191164
2020-08-05,-0.007005283,0.011257155,-0.011090687,0.001345624,0.008006448
2020-08-06,0.019147669,0.075439708,0.004944386,-0.01770438,0.026752185
2020-08-07,-0.008658063,0.017153079,-0.006184312,-0.030673713,-0.02515856
2020-08-10,0.005203828,0.14536585,0.009876623,0.008460573,-0.001593626
2020-08-11,0.006896579,0.051587369,-0.001229256,-0.009887076,-0.006400022
2020-08-12,0.013652089,-0.039891329,-0.003696862,0.004245273,-0.021087562
2020-08-13,-0.005097717,-0.01169604,-0.003710579,0.018199943,0.006535971
2020-08-14,-0.011996716,-0.017804625,-0.00621506,0.005526589,-0.006535971
2020-08-18,0.006872879,-0.055398779,-0.026533458,0.04186874,0.008163311
2020-08-19,-0.010327114,0.040315537,-0.040501943,-0.003975203,0.024097552
2020-08-20,-0.042409182,-0.059485453,-0.043603637,-0.032383654,-0.03062286
2020-08-21,0.008984786,0.00643089,0.036914649,0.014977285,0.022654691
2020-08-24,0.003571432,0.034649135,0.013333531,0.026666121,0.023716527
2020-08-25,0.005333346,0.027482646,0.019672766,0.002631839,0.015504187
2020-08-26,0,0.008995563,0.023107575,0.028463966,0.027315811
2020-08-27,-0.014285957,-0.024170361,0.003799878,0.046110916,0.008941937
2020-08-28,-0.003603608,0.050681486,-0.016571444,-0.012260203,-0.01194044
2020-08-31,-0.025595547,0.0258264,-0.035320872,0.003691421,-0.032039354
2020-09-01,0.003696862,0.019635975,0.001330672,-0.01360649,0.0061824
2020-09-02,0.003683245,-0.022472856,0.003981425,0.025821795,0.024354324
2020-09-03,0.036105005,0.002836881,0.041510499,-0.004873091,0.019360247
2020-09-04,-0.014285957,-0.02292364,0,-0.019696184,-0.031463269
2020-09-07,0.016057437,-0.014598799,-0.003819228,-0.025188162,-0.043552762
2020-09-08,0.038199089,-0.011834458,0.012674441,-0.005122335,-0.011191164
2020-09-09,-0.005123837,-0.002980628,-0.026804413,-0.015500394,-0.021121825
2020-09-10,0.013605652,0.008915364,-0.009096879,0.003897681,0.009804
2020-09-11,-0.003384098,0.014684552,0.023226851,-0.01700954,-0.004889985
2020-09-14,0.023451661,0.048373584,0.020202707,-0.014619098,-0.009852296
2020-09-15,0.009884759,-0.005571045,0.023472356,0.019889721,0.029270382
2020-09-16,0,0.024828862,-0.004895971,-0.010555957,-0.01615544
2020-09-17,-0.024897552,0.00272109,0.008552282,-0.016052564,-0.021399994
2020-09-18,-0.003367007,-0.016438726,0.018083675,0.00538399,-0.008354267
2020-09-21,-0.001687764,0.021858794,0.009512557,-0.023050714,-0.020339684
2020-09-22,-0.017036187,-0.030180617,-0.038605518,-0.032055184,-0.026020549
2020-09-23,0.006849342,0,0.027897504,0.034798782,0.041313965
2020-09-24,-0.013745921,-0.045591941,0.008338345,-0.037639673,-0.008467451
2020-09-25,0.001728609,-0.00878483,-0.016746803,-0.001430565,0.003395589
2020-09-28,0.00516797,0.031840606,-0.004836769,0.048593732,0.011794576
2020-09-29,0,0.016949558,0.018018506,-0.012267092,-0.006722714
2020-10-05,0.008554372,0.046520016,-0.009569451,0.016322909,0.006722714
2020-10-06,0.005097717,-0.024358444,-0.00240674,0.029259133,0.021541844
2020-10-07,0.015139061,0.00273598,0.004807702,-0.002628397,0
2020-10-08,-0.003344485,-0.013755375,-0.006013247,-0.003949022,-0.013201512
2020-10-12,0.011657085,-0.002773927,0.030881314,-0.019982475,-0.030356462
2020-10-13,0.00824407,-0.005571045,0.031090587,0.001340195,0.010221554
2020-10-14,0,-0.005602256,-0.019462549,-0.009446346,0.011794576
2020-10-15,-0.014888612,-0.011299555,0.00691247,-0.017801224,-0.020305266
2020-10-16,-0.00836825,-0.022989518,-0.020882429,-0.012505789,0.003412973
2020-10-19,0.00836825,-0.023530497,0.016279429,-0.012664167,-0.025885828
2020-10-20,0.014888612,-0.002980628,-0.01745245,-0.001426504,0.013889112
2020-10-21,0,-0.012012156,-0.016568426,0.002836881,0.025533302
2020-10-22,-0.013223333,-0.018293193,-0.005984458,-0.012808413,-0.015241616
2020-10-23,0.001662511,0.027315811,0.007177064,-0.026134408,-0.022434073
2020-10-26,0.003316753,0.026589454,-0.008378266,-0.031361637,-0.017606089
2020-10-27,-0.009983444,0.00581397,-0.007237667,0.013561312,0.007079676
2020-10-28,-0.013468217,0.005780363,0.003625382,0.036742622,0.05155781
2020-10-29,-0.01537178,-0.020379162,-0.01458106,-0.010159561,0
2020-10-30,-0.026156679,-0.032887867,-0.022278149,-0.038633479,-0.02888901
2020-11-02,0.014035318,0.035824727,-0.00376176,0.013540975,-0.015638894
2020-11-03,0.024097552,0,0.02236118,0.005969724,-0.008795131
2020-11-04,-0.005115101,0.00584797,0.021872075,0.06610948,0.053323035
2020-11-05,0.030305349,0.020202707,0.034262064,0.009695491,0.001673641
2020-11-06,-0.003322262,-0.026050677,0.002320187,0.020445609,0.006666691
2020-11-09,0.001662511,0.01166194,-0.003482302,0.002699238,-0.010016778
2020-11-10,0,0.005780363,0.005797118,-0.042616758,-0.051646589
2020-11-11,0.018107491,0.011461444,0.005763705,-0.001414477,-0.010657294
2020-11-12,-0.004905979,-0.008583744,0.012564414,0.005618071,-0.003577821
2020-11-13,0.035430437,0.01991531,0.017998236,0.022134616,0.007142888
2020-11-16,0.047885596,0.008415197,0.08849671,-0.009628826,-0.010733556
2020-11-17,-0.009090972,0.019364367,0.001019888,0,-0.010850016
2020-11-18,-0.013793322,-0.016574965,-0.001019888,0.009628826,0.021583572
2020-11-19,-0.003091193,0.002781643,0.002038737,0,-0.001780944
2020-11-20,0.001546791,-0.016807118,-0.014359221,0,0.001780944
2020-11-23,0.042366396,0.011236073,0.032523192,0.004094547,0.001777778
2020-11-24,0.002958582,0.011111225,-0.014098924,0.016212568,0.003546103
2020-11-25,-0.016381602,-0.008321823,-0.01430055,-0.016212568,-0.014260491
2020-11-26,0.020803128,-0.002789402,0.022381402,0.018893732,0.02482397
2020-11-27,0.00293686,0.011111225,-0.006054509,-0.002681163,-0.003508776
2020-11-30,-0.022239612,0.002758622,-0.013245227,-0.01350118,-0.02491232
2020-12-01,0.016357242,0.010959014,0.030305349,0.017513582,0.028421096
2020-12-02,0.024764558,-0.005464494,0.081190155,-0.004012402,-0.007029906
2020-12-03,0.002873565,0.073912258,0.022676709,0.002681163,0.012270093
2020-12-04,0.025497132,0,0.030907537,0.0406067,0.024097552
2020-12-07,0.019391189,-0.015384919,0.025752496,-0.011630581,-0.01542447
2020-12-08,-0.016597891,-0.036846273,-0.025752496,-0.02764488,-0.015666117
2020-12-09,0.03022208,0.02645657,0.046717625,0.001329469,0.0104713
2020-12-10,-0.013624189,0,-0.03375848,-0.012069677,-0.006968669
2020-12-11,0.006835297,-0.007863736,-0.008620743,0.010740207,0.013889112
2020-12-14,0.005434796,-0.005277057,0.012903405,-0.002677592,-0.013889112
2020-12-15,0,-0.002649008,0.004264399,-0.0067188,-0.010544913
2020-12-16,0,0.007926065,0,0.002695618,0.008795131
2020-12-17,-0.006798123,0.002628122,0.016878038,-0.00809525,-0.001752849
2020-12-18,-0.004101168,-0.00790518,-0.008403411,-0.005428946,-0.00881063
2020-12-21,0,-0.010638398,-0.021322769,0.033493303,0.005295688
2020-12-22,-0.009635312,-0.016172859,-0.030636969,-0.009271965,0
2020-12-23,0.021888699,0.005420067,0.030636969,0.00398046,0
2020-12-24,0.051428603,0.010752792,0.017094433,-0.009308067,-0.007067167
2020-12-28,0.011501724,0.013280408,-0.021414095,-0.002681163,-0.003552402
2020-12-29,-0.005095552,0.00526317,0.004319661,0.030362364,0.007092228
2020-12-30,0.033901552,0.007843177,0.021322769,0.012925499,0.033017769
2021-01-04,0.024391453,0.077635968,0.061368946,0.016542093,0.001707942
2021-01-05,0.010785006,0.0095924,0.03509132,-0.007602775,-0.001707942
2021-01-06,-0.020470311,-0.03151776,0.003824096,0.006343852,-0.008583744
2021-01-07,0.00847976,0.01467019,0.026366876,0.0175442,-0.001725626
2021-01-08,0.068751588,0.177455367,0.025689486,0.075354728,0.074847891
2021-01-11,0.024472857,0.08378803,-0.036904557,0.042840825,-0.009661911
2021-01-12,-0.004405293,-0.024599159,-0.030536724,0.009882379,-0.016313575
2021-01-13,-0.009983444,-0.007692346,0.030536724,-0.00657739,0.032365285
2021-01-14,0,-0.033369141,-0.018975901,-0.006620938,0.012658397
2021-01-15,-0.019133955,-0.042819997,-0.023256862,-0.031498491,-0.038466281
2021-01-18,-0.034685558,0.00415801,0.019418086,-0.023120619,-0.018137348
2021-01-19,0.023256862,0.08163735,0.003838776,0.028821034,0.024652029
2021-01-20,0.002296212,-0.009606222,0,0.009051366,0
2021-01-21,0.010268202,0.02101319,0.007633625,0.022270856,0.046003353
2021-01-22,-0.014865911,-0.028765166,-0.023077947,0.019625092,0.063083975
2021-01-25,0.029514061,0.011605546,0.049345874,0.022430051,0.015884811
2021-01-26,-0.030666798,-0.033238641,-0.045462374,-0.026754417,-0.020261185
2021-01-27,-0.012768601,-0.024146042,-0.0038835,0.008640827,-0.001463058
2021-01-28,-0.022446306,-0.028927637,-0.043744549,-0.015168081,0.03877011
2021-01-29,-0.02051973,-0.040647307,-0.004073325,-0.037822335,-0.034387342
2021-02-01,0.012121361,0.040647307,0.020202707,0.001129102,0.014472033
2021-02-02,0.016726794,0.008350779,0.039220713,0.009020759,0.040821995
2021-02-03,0.002366865,0.020576858,0,0.036369641,0.02182897
2021-02-04,-0.025135973,0.012145898,-0.039220713,-0.016373846,-0.034320458
2021-02-05,0.012048339,0.00401607,0.019802627,0.00110654,0.012491488
2021-02-08,-0.006006024,-0.0641378,-0.019802627,0.004381252,-0.013889112
2021-02-09,-0.003621006,0.010627093,0.003992021,0.008716142,0.002793298
2021-02-10,-0.01339034,0.035310003,0.003976148,0.059982334,0.022069861
2021-02-15,0.031365659,0.010152371,0.046520016,0.025216276,0.050542672
2021-02-16,0.008279172,0,0.003780723,0.023627201,0.021809716
2021-02-17,-0.020226745,-0.016293639,-0.019048195,-0.009779362,-0.00508907
2021-02-18,-0.013309331,-0.033406029,-0.031252544,-0.015834745,-0.0102565
2021-02-19,0.006071664,0.027226813,0.054067221,0.005968687,0.025446666
2021-02-22,-0.004854378,-0.002068253,0.025975486,-0.027154345,-0.029320137
2021-02-23,-0.002436055,0.012345836,0.014545711,-0.007155994,0.010296101
2021-02-24,0,-0.039629795,-0.01821544,-0.028115635,-0.043172172
2021-02-25,0.039455207,0.041672696,0.087930073,0.0229668,0.023779192
2021-02-26,-0.033376161,-0.033198069,-0.048285241,0.007192801,-0.021108963
2021-03-02,0.013245227,0.008403411,0.02097979,0.007151571,0.006644543
2021-03-03,0.004773279,0.004175371,0.017153079,0.004056554,0.056643197
2021-03-04,-0.019231362,-0.021053409,-0.034605529,-0.023576409,-0.02022825
2021-03-05,-0.00364742,0,-0.014184635,-0.023087359,-0.036414947
2021-03-08,-0.001218769,-0.019334652,-0.032670782,-0.036759102,-0.024129857
2021-03-09,-0.007343974,0.004329011,0.007352974,-0.029048864,-0.01917867
2021-03-10,-0.006161449,-0.017429635,-0.025975486,0.042174958,0.028631813
2021-03-11,0.013505423,0.004385972,0.029631798,0.040478381,0.00402415
2021-03-12,0.009708814,0.017354015,0.021661497,0.004162197,0.018568173
2021-03-15,-0.012150818,-0.002152853,-0.025317808,-0.004162197,0.006548812
2021-03-16,0.012150818,0.008583744,0.028882874,0,0.006506204
2021-03-17,-0.006056954,-0.008583744,-0.003565066,0.012445248,-0.005201572
2021-03-18,0.007263954,0.008583744,0.014184635,0.026448174,0.050836867
2021-03-19,-0.012136071,-0.019418086,-0.028573372,-0.011096191,-0.003724399
2021-03-22,0.001220256,-0.002181026,0,0.003040299,-0.013776048
2021-03-23,-0.002442004,-0.010977059,-0.021978907,-0.007115235,-0.026838672
2021-03-24,-0.009828089,-0.024582243,-0.011173301,0.003052694,0.002587324
2021-03-25,0.002466092,-0.013667639,-0.00375235,-0.014329742,-0.01825344
2021-03-26,0.003687773,-0.011534153,0.01492565,0.020407315,0.007863736
2021-03-29,0.001226242,0,-0.022472856,-0.015263756,-0.029141135
2021-03-30,0.00732604,0.018391323,0.018762276,0.012229586,0.012024193
2021-03-31,-0.009780029,-0.00685717,-0.014981554,0.009075029,0.00132714
2021-04-01,0.018259789,0.004576667,0.058624843,0.002008866,0.003970885
2021-04-02,0.022660481,0.064110347,0.003552402,0.004005665,0.002638524
2021-04-05,0.007050558,0.002139038,0.01408474,0.001986907,-0.006609409
2021-04-06,0.007001195,-0.017241806,0,0.080348799,0.030047982
2021-04-07,-0.004662013,0,0.003490405,-0.003679291,-0.010349381
2021-04-08,-0.010569681,0.006500565,0.003478264,0.011006602,-0.007832938
2021-04-09,-0.013072082,-0.013043663,-0.028170877,0.018091235,0.00522877
2021-04-12,-0.004796172,-0.011001211,-0.018018506,0,0.005201572
2021-04-13,0.009569451,0.01754431,0.014440684,0,0.007751977
2021-04-14,0,0.010810916,-0.018083675,0,0.007692346
2021-04-15,0.001189768,-0.008639363,0.003642991,0.073150882,-0.001277955
2021-04-16,-0.002380954,0.004329011,0,-0.01252626,0.001277955
2021-04-19,-0.007177064,-0.006500565,0.003629768,0,-0.003838776
2021-04-20,0.007177064,-0.004357305,0.00361664,0.004192878,0.002560821
2021-04-21,-0.015615933,-0.015401845,-0.04428768,-0.012631747,-0.027221383
2021-04-22,-0.002424244,0.00221484,0.003766483,-0.004246291,0
2021-04-23,0.004842624,-0.022372298,-0.003766483,0,-0.006591982
2021-04-26,0.00841857,0.002259888,-0.007575794,0.004246291,-0.001323627
2021-04-27,-0.00721157,-0.006795043,0.026267927,0.029229638,0.006600684
2021-04-28,-0.009697046,0.006795043,-0.037740328,-0.016597891,-0.017253248
2021-04-29,-0.004884015,-0.018223739,0,-0.021142437,-0.018919483
2021-04-30,-0.002450982,-0.025612576,-0.015504187,-0.030371098,-0.019284344
2021-05-03,0.002450982,0.027908788,0.026976588,0.008771986,0.009688657
2021-05-04,0.010955679,0.024916351,0.003795071,0.008695707,0.004123717
2021-05-06,-0.003638573,0,-0.022989518,-0.004338402,-0.00826451
2021-05-07,-0.004872117,0.002234638,0.003868477,-0.004357305,-0.001384083
2021-05-10,0.015748357,0.024256978,0.003853569,0.013015368,0.002766253
2021-05-11,-0.024332101,-0.013158085,-0.055350095,-0.013015368,-0.03657229
2021-05-12,-0.014888612,0.004405293,-0.028867984,-0.013187004,-0.017341475
2021-05-13,-0.01892801,0.008752791,-0.016878038,-0.031463269,-0.016164937
2021-05-14,0.020177229,-0.002181026,0.008474627,-0.004576667,0.014706147
2021-05-17,-0.006261761,-0.008771986,-0.008474627,0.013667639,0.00437
2021-05-18,0,0.017467693,0.029352212,0.022372298,0.015861904
2021-05-20,-0.001257071,-0.028542003,0.012320484,0.004415018,0.004282662
2021-05-21,0.007518832,0.013274531,0,0.030371098,0.025317808
2021-05-24,-0.005006268,0.002195391,-0.024794659,-0.004282662,-0.012578782
2021-05-25,0.002506267,-0.002195391,0.028867984,0.012793351,0.007007737
2021-05-26,-0.001252348,-0.017738824,0,0.012631747,0.013869848
2021-05-27,-0.002509412,-0.013513719,0.020121403,0.044997366,-0.013869848
2021-05-28,0.006261761,0.050839677,-0.003992021,-0.024292693,0
2021-05-31,0.00498133,0.012848142,0.015873349,0.008163311,0.012491488
2021-06-01,0.001241465,0.008474627,0.011741818,0.032002731,0.012337374
2021-06-02,0.002478316,0.004210533,-0.019646997,0,-0.010959014
2021-06-03,0.024451096,0.002098637,0.023530497,-0.003944778,-0.002758622
2021-06-04,-0.007272759,0.012500163,-0.0038835,-0.019960743,-0.01390843
2021-06-07,-0.003656311,0,0,0.016000341,0.015288693
2021-06-08,0,0.008247469,-0.00781254,0.019646997,0
2021-06-09,-0.00981603,-0.016563526,-0.040005335,0.0038835,-0.011095814
2021-06-10,-0.001233806,-0.014721612,0.004073325,0.034289073,0.040989345
2021-06-11,0,0.010537505,0.039845909,0.014870162,-0.002680967
2021-06-14,-0.00619197,-0.002098637,-0.007843177,0.050370359,0.038187655
2021-06-15,0.00495664,-0.004210533,0.011741818,0.013937508,0
2021-06-16,0.01106342,0.010493276,0.007751977,-0.010434877,0.010282867
2021-06-17,-0.01106342,-0.012605209,-0.023438573,0.034367644,-0.003843695
2021-06-18,-0.00495664,-0.006362694,-0.015936592,0.046212843,0.02158814
2021-06-21,-0.007481332,-0.008547061,-0.020284671,0,-0.002515725
2021-06-22,0.001250782,0.03375848,0,0.025479085,-0.015228721
2021-06-23,0.001249219,0.006204777,0.016260521,0.063948725,0.079845954
2021-06-24,0.013639393,0,0.016000341,-0.076607121,-0.009489988
2021-06-25,0.004914015,0.002059733,0.019646997,-0.016051709,-0.022906366
2021-06-28,0.003669729,-0.00826451,-0.019646997,0.003231021,-0.004889985
2021-06-29,-0.011049836,-0.006243517,-0.00796817,0.019169916,0.008541846
2021-06-30,-0.003710579,0,0.019802627,0.031155168,0.014475524
2021-07-01,-0.007462721,0.010384309,-0.023810649,-0.018576386,-0.010836951
2021-07-02,-0.001249219,-0.012474174,-0.016194686,-0.003129893,0.002418381
2021-07-05,0.004987542,-0.012631747,0.004073325,-0.015798117,-0.009708814
2021-07-06,0.009901071,0,0.016129382,0.003179653,-0.001220256
2021-07-07,-0.004938282,-0.017094433,-0.012072581,0.021978907,0.019347641
2021-07-08,-0.011201113,-0.010834342,-0.016326893,0.012345836,0.01072077
2021-07-09,-0.006277485,-0.01536803,-0.016597891,-0.015456258,-0.0155227
2021-07-12,0.003771218,0.01754431,0.004175371,0.009302393,0.007194276
2021-07-13,0.001253919,0,0.024692613,-0.00619197,0.052367986
2021-07-14,-0.003766483,0,0.004056801,0.00619197,0.006779687
2021-07-15,0.013741628,0.006500565,0,-0.015552413,0.011198325
2021-07-16,-0.009975145,-0.006500565,-0.016326893,-0.015798117,-0.004464293
2021-07-19,-0.010075652,-0.010929071,-0.02079077,-0.019293203,-0.008988825
2021-07-20,0,-0.002200221,-0.004210533,-0.013072082,-0.009070357
2021-07-21,-0.006349228,0.004395611,-0.012739026,-0.047146778,-0.025376217
2021-07-22,0.015170961,0.002190581,0.021142437,0.017094433,0.027651531
2021-07-23,-0.005031457,-0.013216051,-0.008403411,0.013468217,0.026907453
2021-07-26,-0.006325132,-0.004444452,-0.012739026,-0.013468217,0
2021-07-27,-0.003814372,0.002224695,-0.008583744,0.003384098,0
2021-07-28,0.008877674,-0.011173301,-0.017391743,0,-0.022372298
2021-07-29,-0.002528446,-0.00224972,0,0.003372684,-0.005672165
2021-07-30,-0.006349228,-0.018182319,-0.013245227,-0.010152371,-0.013745921
2021-08-02,0.010139504,0.009132484,0.030636969,-0.006825965,0
2021-08-03,0.026137144,0.015783868,0.033901552,-0.013793322,-0.012768601
2021-08-04,0.018259789,0.006688988,0.008298803,0.037483093,0.011614532
2021-08-05,-0.009697046,-0.008928631,-0.008298803,-0.003350087,0.021702736
2021-08-06,-0.007334996,-0.00224467,-0.016807118,-0.023770219,0.004509591
2021-08-09,0,-0.0067644,-0.017094433,0.017036187,0.006726483
2021-08-10,-0.016079505,-0.009090972,-0.030636969,-0.010186845,-0.002237137
2021-08-11,-0.02142489,-0.002285715,-0.064242269,-0.017212129,-0.003365118
2021-08-12,-0.019293203,0.002285715,-0.048553225,0.024014876,-0.010163837
2021-08-13,-0.03434948,-0.009174376,0.009901071,-0.010221554,-0.00912207
2021-08-17,-0.002691792,-0.018605188,0,-0.027779564,-0.018497637
2021-08-18,-0.004051322,-0.002350177,0.024332101,0.024349029,0.001166181
2021-08-19,-0.010884461,-0.028641576,-0.014528101,0.006849342,-0.010544913
2021-08-20,-0.005486982,-0.024511031,0,-0.017212129,-0.004722559
2021-08-23,0.008219224,0.012330612,0.00486619,0.030771659,0.016432295
2021-08-24,0.030895674,0.026603746,0.019231362,0.003361348,0.018454964
2021-08-25,0.001321877,0,-0.014388737,0.013333531,-0.016129382
2021-08-26,-0.014637653,0.002383791,0.004819286,-0.009983444,-0.01639381
2021-08-27,-0.004029555,-0.007168489,-0.004819286,0.003338901,-0.008298803
2021-08-30,0.004029555,0.007168489,0,0.009950331,0.018868484
2021-08-31,0.027761201,0.011834458,0.028573372,0.022839492,0.025376217
2021-09-01,0.001302932,0.01169604,0.013986242,-0.006472515,0.013574869
2021-09-02,-0.0104713,-0.01641303,-0.013986242,0.006472515,-0.005633818
2021-09-03,0.007863736,0.01408474,0.004683849,0.009630893,0.022347299
2021-09-06,0.009096879,0.00232829,-0.00938974,-0.006410278,0.003309435
2021-09-07,-0.015645691,-0.01169604,-0.014252023,-0.009693129,-0.021147143
2021-09-08,0.002624673,0.002350177,0.014252023,-0.106082277,-0.082013152
2021-09-09,-0.013192803,-0.021353124,-0.028710106,-0.074941421,-0.025975486
2021-09-10,0,-0.009638629,0.019231362,0.011605546,0.027195743
2021-09-13,0.013192803,-0.007290433,0.014184635,-0.043228735,-0.004889985
2021-09-14,0.003924138,0.019324273,0.009345862,-0.00402415,-0.013572078
2021-09-15,0.005208345,0.002389487,0,-0.012170536,-0.00498133
2021-09-16,-0.011757157,-0.00718566,-0.033099948,-0.008196767,0.003738322
2021-09-17,0.014351192,0.004796172,0.028437935,-0.016597891,0.002484473
2021-09-23,0.002587324,-0.002395211,-0.014117882,-0.038384243,-0.007472015
2021-09-24,-0.001292825,-0.007220248,-0.014320054,0.038384243,0.013656326
2021-09-27,0.005161302,-0.014598799,0.004796172,0.004175371,-0.006184312
2021-09-28,-0.018182319,-0.012330612,-0.009615459,-0.021053409,-0.026400025
2021-09-29,-0.029257406,0,-0.034401427,-0.008547061,-0.014111844
2021-09-30,0,-0.007472015,0.029558802,0.012793351,0.002580647
2021-10-01,-0.012220111,-0.033039854,-0.029558802,-0.012793351,-0.015584731
2021-10-05,-0.013755375,0,-0.021223636,-0.048361072,-0.030567164
2021-10-06,-0.012543718,0.002580647,-0.014403541,0.017857617,0.006724975
2021-10-07,0.004198747,0.035446749,-0.00832471,0.055928553,0.053502648
2021-10-08,-0.001397624,0.019705071,-0.017923516,-0.016878038,-0.012787898
2021-10-12,-0.035590945,-0.002442004,-0.02695581,-0.034635497,-0.043399316
2021-10-13,-0.00290276,0.031290158,0.005449605,0.030371098,0.026526754
2021-10-14,0.008683123,-0.009523882,0.019376279,0.037740328,0.033465156
2021-10-15,0.010035927,-0.002395211,0.047875948,0.004106782,-0.003804697
2021-10-18,0.001425517,0.004784698,-0.013299429,-0.004106782,0.007594973
2021-10-19,0.005681833,-0.002389487,0.006160184,0.048202102,0.027364892
2021-10-20,-0.004258346,0,0.00204499,0.003913899,0
2021-10-21,-0.001423488,-0.007202912,-0.016478231,0,0.007334996
2021-10-22,0.002844952,0,0.022588229,-0.003913899,-0.007334996
2021-10-25,-0.002844952,0.016726794,0.015113638,-0.011834458,-0.012345836
2021-10-26,0.012739026,0.011778699,0.019802627,0.011834458,0.024541109
2021-10-27,-0.014164543,0,-0.004914015,0.00781254,0.004836769
2021-10-28,0.008522779,-0.016529302,0.048086187,-0.023623146,-0.003625382
2021-10-29,-0.012811563,-0.009569451,-0.033415997,0,-0.014634408
2021-11-01,0.001431639,0,0.033415997,0,0.003678729
2021-11-02,0.0226318,0.009569451,0.009345862,0.019724505,0.003665245
2021-11-03,-0.015504187,-0.007168489,-0.018779895,-0.027724548,-0.018462063
2021-11-04,0.002836881,0.026036974,0.004728141,0.043228735,0.022113923
2021-11-05,-0.005681833,0.004662013,0.00938974,-0.011605546,-0.002433091
2021-11-08,0.005681833,0,0.004662013,-0.027615167,-0.006108754
2021-11-09,-0.001417435,-0.009345862,0.013857035,0.003992021,0.02301737
2021-11-10,-0.004264399,-0.021353124,-0.004597709,-0.012024193,-0.00721157
2021-11-11,-0.004282662,-0.016929062,-0.009259325,0.012024193,-0.018259789
2021-11-12,0.009964495,0.014528101,-0.009345862,0.011881328,0.004901971
2021-11-15,0.011267725,0.004796172,0.041385216,0.015625318,0.004878058
2021-11-16,-0.001401542,-0.01203384,0.00896867,-0.01169604,-0.013472341
2021-11-17,-0.008450755,0.002418381,-0.01348335,-0.019802627,-0.011159446
2021-11-18,-0.007097262,-0.009708814,-0.004535155,-0.004008021,0.014851758
2021-11-19,0.014144507,0.02171376,0.013544225,0.019881371,-0.007398307
2021-11-22,0.050661072,0.042062275,0.06929178,0.011741818,0.014742282
2021-11-23,0.005326244,-0.016147986,-0.004192878,-0.031623188,-0.024692613
2021-11-24,-0.00666225,-0.014051753,0.004192878,0,-0.012578782
2021-11-25,-0.014815086,-0.009478744,-0.016878038,0.027724548,0.005050516
2021-11-26,-0.01917867,-0.021661497,-0.017167804,-0.019724505,-0.019072415
2021-11-29,0,-0.024631787,0.004319661,-0.020121403,-0.007731997
2021-11-30,-0.013927802,-0.025253867,-0.017391743,-0.008163311,-0.014332493
2021-12-01,0.042559614,0.027744529,0.021692825,0.004089985,0.023347364
2021-12-02,0.018642351,0.022141126,0.02960047,0,0.021560759
2021-12-03,-0.002642009,0.002430135,-0.016807118,0.008130126,0.00874459
2021-12-06,0.009216655,0.002424244,0.004228336,-0.02045061,-0.025190249
2021-12-07,0.014313842,0.004830927,0.025001302,-0.004140793,-0.00255428
2021-12-08,0,0,-0.01242252,0.004140793,0.010178205
2021-12-09,0.010282867,-0.002412546,0.028749413,0.012320484,0.011328
2021-12-10,-0.016763771,0.002412546,-0.024591403,0,-0.011328
2021-12-13,-0.001301236,0.007202912,0.00826451,-0.020619287,-0.011457796
2021-12-14,0.002600782,0.009523882,-0.004123717,-0.012578782,0.003833871
2021-12-15,0.007762005,-0.009523882,0.02045061,0,-0.011545991
2021-12-16,0.002574004,0.002389487,0.00404041,0.008403411,0
2021-12-17,0.002567396,0,-0.016260521,-0.016878038,-0.00777206
2021-12-20,-0.011605546,-0.02171376,-0.012371292,-0.039050515,-0.030365369
2021-12-21,0.012886776,0,0.032655963,0.013187004,0.005347606
2021-12-22,0.016508311,0.007290433,0.019881371,0,0.009290047
2021-12-23,0.006277485,0.01203384,0.003929278,-0.013187004,-0.001321877
2021-12-24,0.007481332,0.030626658,0.003913899,0.013187004,0.015748357
2021-12-27,-0.00373367,-0.009324077,-0.015748357,-0.013187004,-0.009156375
2021-12-28,0.001246106,0.002339182,0.011834458,0.004415018,0.010457612
2021-12-29,-0.018856624,-0.00938974,-0.003929278,0.004395611,-0.00652318
2021-12-30,-0.006365394,-0.014252023,0.031010237,-0.013245227,-0.009204536
2022-01-03,0.003824096,0.007151401,-0.019268419,0.017621601,-0.006626929
2022-01-04,0.001271456,-0.002378122,0,-0.026550232,-0.028322864
2022-01-05,-0.016656375,0.016529302,-0.023623146,-0.055313638,-0.02914849
2022-01-06,-0.006480904,0.002339182,-0.003992021,-0.053540767,-0.047593697
2022-01-07,0.018041726,0.004662013,0.015873349,0,-0.001478197
2022-01-10,-0.003838776,-0.025914289,-0.019881371,-0.034591445,-0.008915364
2022-01-11,0.011472401,0.004761914,0.027724548,-0.01670185,0
2022-01-12,0,0.004739345,0.00389864,0.02289382,0.030862111
2022-01-13,-0.012755275,-0.007117468,0.007751977,-0.005157309,0.007209837
2022-01-14,-0.007731997,-0.004773279,-0.007751977,-0.029383016,-0.017391743
2022-01-17,0.002583981,-0.019324273,-0.011741818,-0.01070674,0.004376375
2022-01-18,-0.006472515,-0.012270093,-0.003944778,-0.009735069,-0.016141216
2022-01-19,-0.009132484,-0.00992564,0.003944778,-0.01754431,-0.016406035
2022-01-20,0.002617803,0.007453451,-0.015873349,0.020799874,0.007490672
2022-01-21,-0.011834458,-0.009950331,-0.049190244,-0.005431844,-0.005988042
2022-01-24,-0.006635724,-0.015113638,0,-0.019802627,-0.013605652
2022-01-25,-0.014755466,-0.012771566,-0.008438869,-0.027028672,-0.019985292
2022-01-26,-0.009504484,-0.023408091,-0.004246291,-0.008022966,-0.028348355
2022-01-27,-0.027664281,-0.018592833,-0.034635497,-0.050748352,-0.032470385
2022-01-28,0.027664281,0.015957785,0.059846916,0.028641576,0.022839492
2022-02-03,0,0.010498784,0.028631813,0.001175779,0.033309979
2022-02-04,0.009504484,-0.007863736,0.00402415,0.023229848,0.021605779
2022-02-07,-0.013605652,-0.018592833,-0.012121361,0.010279931,-0.001527884
2022-02-08,0.006825965,-0.010781776,0.016129382,-0.017192401,-0.015408625
2022-02-09,0.016194686,0.002706362,0.00796817,-0.004635003,0.012345836
2022-02-10,0.009327183,0.002699057,0.027398974,0.013841051,0.016730428
2022-02-11,-0.006653384,-0.013568729,0.019121041,0.049171916,-0.012139755
2022-02-14,-0.016151091,-0.036165276,0.003780723,-0.032135729,-0.01693651
2022-02-15,0,0.022409901,-0.042395559,-0.005646542,-0.010929071
2022-02-16,0.014815086,0.008275909,0.02718614,0.039960922,0.018663061
2022-02-17,0.002670229,0.00820798,0.018975901,-0.014246816,0
2022-02-18,-0.009377162,0,-0.011342277,0.008791265,-0.020234153
2022-02-21,-0.001346802,0.008141158,-0.011472401,0.019502243,0
2022-02-22,-0.010840215,-0.019100171,-0.011605546,-0.015135424,-0.015848192
2022-02-23,-0.005464494,-0.005524876,0,0.008676844,-0.012861914
2022-02-24,-0.020761991,-0.042439183,-0.047817874,-0.028479471,-0.021259999
2022-02-25,0.005578815,0.005763705,0.004073325,0.047731403,0.038902799
2022-02-28,0.00277778,0.005730675,0.004056801,-0.003183027,0.011067307
2022-03-02,-0.005563297,-0.026050677,0.012072581,0.012671764,-0.003149609
2022-03-03,0.016597891,0.040235312,0.031498667,0.013548931,0.026460688
2022-03-04,-0.019391189,-0.028573372,-0.035506688,-0.019864741,-0.024884643
2022-03-07,-0.019774656,-0.026433257,-0.040989345,-0.033282729,-0.033630071
2022-03-08,-0.008596041,0,-0.012631747,0.005443672,-0.00817666
2022-03-10,0.024166066,0.005934736,0.016807118,0.082295243,0.081935572
2022-03-11,-0.016997576,0,-0.025317808,0.014888612,-0.004548909
2022-03-14,0.002853069,-0.026988145,-0.008583744,0.019512814,0
2022-03-15,-0.010021558,-0.009160369,-0.030636969,-0.004842624,-0.004569696
2022-03-16,0.012866511,0.030213779,0.034938051,0.009661911,0.009118604
2022-03-17,0.011299555,0.00297177,0.062390293,0.023754086,0.041487431
2022-03-18,-0.007047246,0.014727807,0,0.018605188,0
2022-03-21,-0.011379924,-0.014727807,-0.016260521,-0.032789823,-0.016093983
2022-03-22,0.00570615,0.02924185,0.012220111,0.014184635,0.00147384
2022-03-23,0.002840911,0.014306396,0,0,0.017518696
2022-03-24,-0.0099787,0,-0.024591403,-0.014184635,-0.016047026
2022-03-25,0,-0.011428696,-0.020965128,0,-0.020803128
2022-03-28,-0.001433692,0.002869442,0,0,-0.00451468
2022-03-29,0.007147993,0.011396135,0.016807118,0.004750603,0.007513183
2022-03-30,-0.004282662,0.025176155,0.008298803,0.009434032,0.014859114
2022-03-31,-0.004301082,-0.002766253,-0.025105921,0,0.004415018
2022-04-01,-0.007209837,-0.013947227,-0.017094433,-0.004705891,-0.014793169
2022-04-04,0.002890175,0,0.008583744,-0.004728141,0.007423939
2022-04-05,-0.001444044,0.005602256,-0.004282662,0.018779895,0.013225762
2022-04-06,-0.010167117,0.005571045,-0.030503454,-0.023530497,-0.037179003
2022-04-07,-0.00732604,-0.00836825,0.004415018,-0.049790665,-0.027651531
2022-04-08,-0.00294551,-0.011267725,-0.013303966,-0.019202207,-0.014117882
2022-04-11,0.00147384,0.016854332,-0.00447428,-0.030038509,-0.011120051
2022-04-12,-0.013343415,-0.008391658,-0.00449439,-0.010570923,-0.014481347
2022-04-13,0.02505658,0.016713481,0.017857617,0.017904638,0.006462058
2022-04-14,-0.017621601,-0.019526422,-0.026907453,0.003126631,0.008019289
2022-04-15,-0.01342302,-0.002820876,-0.018349139,-0.007310738,-0.014481347
2022-04-18,0.001500375,0.008438869,0.009216655,-0.010537505,-0.006504088
2022-04-19,0.008955284,0.01390843,0.031605339,0.007387896,0.017785432
2022-04-20,0.001484781,0.010989122,0,0,0.011155494
2022-04-21,0.004441162,0,0.004434597,-0.015898586,-0.01920059
2022-04-22,-0.010393561,-0.016529302,-0.022372298,-0.017241806,-0.031175617
2022-04-25,-0.010502722,0.011049836,-0.022884294,-0.025317808,-0.039087389
2022-04-26,-0.00302115,0.02710193,0.027398974,0.005558658,-0.00521287
2022-04-27,-0.016781477,0,-0.022780028,-0.020157457,-0.022908491
2022-04-28,-0.003081667,0.00798939,0.009174376,0.010129518,0
2022-04-29,0.039339415,-0.013351333,0.027028672,0.006696454,0.021164811
2022-05-02,-0.001484781,0.005361943,-0.017937701,-0.029347479,-0.019383867
2022-05-03,0.002967361,-0.018893949,-0.004535155,0.013652089,0.003552402
2022-05-04,0.005908437,0.00272109,-0.004555817,0.005633818,0
2022-05-06,-0.020834087,-0.008185585,-0.018433702,-0.054254505,-0.036105005
2022-05-09,-0.006033201,-0.005494519,0,-0.002375298,0.010969031
2022-05-10,-0.006069821,-0.005524876,0.022989518,-0.005963047,0.003629768
2022-05-11,0,0.013755375,0.004535155,0.021302581,0.010810916
2022-05-12,-0.012251302,-0.013755375,-0.013667639,-0.056607526,-0.032789823
2022-05-13,0.024354324,0.032700461,0.031605339,0.013538668,0.016529302
2022-05-16,-0.00301205,-0.013495481,-0.017937701,0.006093864,-0.003649639
2022-05-17,0.019418086,0.008119124,0.017937701,0.01087624,0.007286007
2022-05-18,0.00736923,0,0.008849615,-0.007237667,0.003623192
2022-05-19,-0.008849615,-0.019048195,-0.022272636,-0.026995504,-0.018248682
2022-05-20,0.007380107,0.024424552,0.01342302,0.031826432,0.012808958
2022-05-23,-0.001471671,0.008010724,0.004434597,-0.001205546,0.009049836
2022-05-24,-0.020834087,-0.016086138,-0.040637646,-0.028136413,-0.042324624
2022-05-25,-0.001504891,-0.008141158,-0.004618946,0.014778594,0
2022-05-26,-0.007558615,0.00272109,-0.047402239,-0.003674223,0
2022-05-27,0.009063506,0.008119124,0.028710106,0.002450982,0.01492565
2022-05-30,0.017884232,0.010723963,0.00938974,0.026571612,0.03993271
2022-05-31,-0.004441162,0.010610179,0.009302393,0.013025643,0.024605811
2022-06-02,-0.010440065,-0.010610179,-0.009302393,-0.015412279,0.006920443
2022-06-03,0.001498128,-0.002670229,0,0.023613848,-0.008658063
2022-06-07,-0.019652938,-0.018893949,-0.028437935,-0.045353835,-0.033601747
2022-06-08,-0.003058106,-0.002728515,0.019048195,-0.004895971,0
2022-06-09,-0.001532567,-0.00273598,-0.004728141,-0.002457004,-0.018149319
2022-06-10,-0.021706279,0.01089929,-0.01913934,-0.014870162,-0.011049836
2022-06-13,-0.027007201,-0.05286349,-0.044451763,-0.045985113,-0.061087692
2022-06-14,-0.003225809,-0.020202707,0.001009591,0.001306336,-0.003944778
2022-06-15,-0.019576482,0.014472033,-0.012182892,-0.052255692,-0.03417418
2022-06-16,0.003289477,-0.005763705,-0.005120339,-0.005517255,-0.018576386
2022-06-17,-0.018227514,-0.017493157,-0.010320009,-0.001384083,-0.0104713
2022-06-20,-0.018565934,0.00293686,-0.019906367,-0.036675479,-0.014846508
2022-06-21,-0.003412973,0.01166194,0.007380107,0.012848142,0.023232301
2022-06-22,-0.015504187,-0.00581397,-0.032019811,-0.028778965,-0.044831413
2022-06-23,-0.003478264,-0.00291971,-0.021930703,-0.020649701,0.021599112
2022-06-24,0.017271587,0.011628038,0.015401845,0.063513406,0.056089467
2022-06-27,0.006825965,0.056194558,0.03644562,0.004187026,0.006042314
2022-06-28,0.010152371,0.016260521,0.003152919,-0.002789402,0.013958352
2022-06-29,-0.023851216,-0.058107631,-0.013735028,-0.011236073,-0.024049255
2022-06-30,-0.017391743,0.028091735,-0.032435276,-0.012793351,-0.02672307
2022-07-01,-0.014134511,-0.002773927,-0.039220713,-0.037905413,-0.012578782
2022-07-04,0.01588736,-0.011173301,0.018120541,0.011816977,-0.008474627
2022-07-05,0.001749782,-0.002812941,0.03744931,0.055688906,0.033475929
2022-07-06,-0.01408474,-0.028573372,-0.004333701,0.020619287,0.002055499
2022-07-07,0.031416196,0.014388737,0.019355443,-0.006825965,0.006141268
2022-07-08,0.008554372,0.016997576,0.009539023,-0.016574965,0.016194686
2022-07-11,0.001702128,0.005602256,-0.01167122,-0.006988149,-0.034732807
2022-07-12,-0.011976191,0,-0.004278081,-0.014124529,-0.029538012
2022-07-13,-0.001722653,0.024828862,0.007474674,0.022504466,0.016985546
2022-07-14,-0.008658063,-0.005464494,0,0.00277778,-0.016985546
2022-07-15,0.042559614,0.005464494,0.048790164,-0.02813125,-0.010764367
2022-07-18,0.031175617,0.010840215,0.02303557,0.037793161,0.064944283
2022-07-19,-0.016287005,0.016043125,-0.009950331,0,-0.012245051
2022-07-20,-0.00658981,0.002649008,0.019802627,0.00820798,0.010214593
2022-07-21,0.021259999,0,0.004889985,0.004078864,0.018127385
2022-07-22,-0.008123522,0.010526413,-0.024692613,-0.021948755,-0.001998003
2022-07-25,-0.003267977,0.025841231,0,0.012405397,-0.008032172
2022-07-26,0.009772065,0,0.004987542,-0.008253142,-0.012170536
2022-07-27,0.001619434,0,-0.004987542,-0.006930035,0.004073325
2022-07-28,0.001616815,-0.005115101,-0.006018072,0.006930035,0.004056801
2022-07-29,-0.008110345,0.005115101,-0.015205564,0.032611586,0.047439725
2022-08-01,-0.001629992,0,-0.008205174,-0.010752792,0
2022-08-02,0.006504088,0.002547772,-0.006198367,-0.030180617,0
2022-08-03,-0.006504088,0.002541297,0.01030937,0.056848864,0.037883318
2022-08-04,0.003257332,-0.002541297,0,0.072320662,0.016590242
2022-08-05,0,-0.010230268,0.01020417,-0.006138755,-0.024052963
2022-08-08,-0.011447386,0.007682496,-0.022588229,0.009804,-0.032352964
2022-08-09,-0.013245227,-0.012837147,-0.012539349,0.014528101,0.024834132
2022-08-10,-0.015113638,-0.005181359,-0.035316672,-0.035477727,-0.011385322
2022-08-11,0.013445581,0.002594035,0.01620781,0.041469357,0.020775063
2022-08-12,0.004995847,0.01542447,0,-0.014440684,-0.007504726
2022-08-16,0.013201512,0.007623925,0.035793295,-0.022059718,-0.022858138
2022-08-17,-0.009884759,-0.038714512,0.004127973,-0.007462721,-0.005797118
2022-08-18,0.01804807,-0.021277398,-0.014523077,-0.011299555,-0.031498667
2022-08-19,-0.009804,0.021277398,0.007287903,-0.03207459,-0.008032172
2022-08-22,-0.014888612,-0.005277057,-0.01252626,-0.022413595,-0.010131799
2022-08-23,-0.015113638,0,-0.016949558,-0.002670229,-0.018500014
2022-08-24,-0.001693481,-0.005305052,-0.004282662,0.001336006,0.00207254
2022-08-25,0.011794576,0.021053409,0.009610325,0.015894374,0.012345836
2022-08-26,0.005012542,0.00778214,0.010570923,-0.001314925,-0.010277583
2022-08-29,-0.023609866,-0.026179506,-0.027720325,-0.051293294,-0.033616611
2022-08-30,0.003407158,0.036462373,0.007539077,0.013755375,0.016949558
2022-08-31,0.015190165,0.00255428,0.02123222,0.002728515,0.00836825
2022-09-01,-0.022016131,-0.00255428,-0.029852963,-0.027626066,-0.016807118
2022-09-02,-0.015530942,0.005102052,-0.007604599,-0.016949558,-0.00851069
2022-09-05,-0.006980831,0.017654935,-0.006564575,-0.002853069,0.00851069
2022-09-06,0,0.004987542,0.007654493,-0.004294924,-0.004246291
2022-09-07,-0.019452426,0.004962789,-0.01536803,-0.03207272,-0.015005641
2022-09-08,-0.007168489,-0.009950331,0,0.007380107,0
2022-09-13,0.043982463,0.00249688,0.047525142,0.028987537,0.029789437
2022-09-14,-0.022629338,-0.010025147,-0.019169916,-0.027518029,-0.036290001
2022-09-15,-0.014184635,-0.002522069,-0.010810916,-0.010332195,-0.01975915
2022-09-16,0.003565066,0.015037877,-0.00873368,-0.007446051,-0.024692613
2022-09-19,0.003552402,0.002484473,-0.013245227,-0.022676709,-0.009132484
2022-09-20,-0.010695289,-0.015000281,-0.022472856,-0.001530222,0
2022-09-21,-0.009000961,-0.007585371,0,-0.020108953,-0.023202897
2022-09-22,-0.016408755,-0.017926216,-0.022989518,-0.04310324,-0.030991753
2022-09-23,0.001836548,-0.015625318,-0.029500664,-0.004905979,0.019185241
2022-09-26,-0.011070224,-0.042902022,-0.012048339,-0.021541844,-0.028917678
2022-09-27,0.005550431,0.018996501,-0.006079046,-0.006722714,0
2022-09-28,-0.02427757,-0.035571466,-0.009804,-0.041313965,-0.019753729
2022-09-29,-0.005687219,0.011080446,-0.004938282,-0.017730961,-0.020151815
2022-09-30,0.009460809,-0.027934777,0.028067736,0.021239737,-0.015384919
2022-10-04,0.038786025,0.016854332,0.036625476,-0.021239737,-0.091956636
2022-10-05,0.014388737,-0.014025475,0.040914798,-0.025363678,-0.073454449
2022-10-06,0.005342844,0.005633818,0.001112966,0.005489492,0.018127385
2022-10-07,-0.001777778,-0.014144507,0.014356956,-0.07382727,-0.042819997
2022-10-11,-0.014337163,-0.043675064,-0.01102547,-0.015841915,-0.009419222
2022-10-12,0.007194276,0,0.041265355,-0.005002512,0.021841742
2022-10-13,-0.010810916,-0.021053409,0.009528923,-0.052508201,-0.021841742
2022-10-14,0.019731582,0.015083242,0.006302542,0.083127877,0.043216601
2022-10-17,0.00531445,0,-0.003146306,-0.061171951,0.009022618
2022-10-18,-0.001768347,0.005970167,0.006282743,0.021484202,0.032403424
2022-10-19,-0.012466769,0,-0.030739039,0.00806456,-0.023461487
2022-10-20,-0.005390849,0.00297177,-0.029494219,-0.042035917,0
2022-10-21,0.007181359,-0.008941937,0.003320424,0.022775312,-0.014947961
2022-10-24,0.028220568,-0.03348867,0.014262447,-0.00822204,-0.012121361
2022-10-25,0.003472226,0.006172859,0.018349139,0.007197975,0.009104767
2022-10-26,0.029037053,-0.012384059,0.00426895,-0.022798915,-0.036927273
2022-10-27,0.001682086,0.009302393,-0.042420716,0.0217738,0.009360443
2022-10-28,-0.037675689,0.012270093,-0.076161361,0,-0.00623055
2022-10-31,0.035993603,0.003044142,-0.008428707,0.039220713,0.057679112
2022-11-01,0.010050336,0,0.014406011,0,0.00588237
2022-11-02,-0.006688988,0.003034904,0.007125921,0.03107046,0.020320002
2022-11-03,-0.006734032,-0.018349139,-0.021531932,-0.042975363,-0.029156584
2022-11-04,0.003372684,0.006153866,0.021531932,0.003984069,0.029156584
2022-11-07,0.013378126,0.039102726,0.02339288,-0.008986581,-0.029156584
2022-11-08,0.026231012,0.00294551,0.013777485,0.032563311,0.049071894
2022-11-09,0.003231021,-0.00294551,0.01695914,0.011583141,0.013986242
2022-11-10,-0.02614528,0,-0.001121705,-0.025268594,-0.022472856
2022-11-11,0.040557059,0.01464155,0.048202102,0.144543372,0.094793517
2022-11-14,-0.016025984,0.022989518,-0.028201435,-0.003412973,-0.026179506
2022-11-15,0.008045096,-0.008559253,0.00767127,0.003412973,0.018397365
2022-11-16,0.004796172,-0.014430265,-0.001092299,-0.00170503,-0.013106348
2022-11-17,-0.020951612,-0.01169604,-0.042417073,0.008496228,-0.007947062
2022-11-18,0.006493529,-0.00294551,0.00795007,-0.023973751,-0.013387081
2022-11-21,-0.006493529,-0.008888947,-0.024042372,-0.024562638,-0.016304709
2022-11-22,-0.013114942,-0.014992785,-0.012828164,-0.036170308,-0.011019395
2022-11-23,0.006578971,0.003016594,0,0.02545592,0.005524876
2022-11-24,0.006535971,0.008995563,0.019756598,0.030064156,0.035186309
2022-11-25,-0.006535971,-0.008995563,-0.020930997,-0.022908491,-0.016086138
2022-11-28,-0.014864023,0.008995563,-0.023782334,-0.02710193,-0.024625047
2022-11-29,0.008285052,0.008915364,0.007194276,0.023530497,0.011019395
2022-11-30,0.026060107,0,0.015412279,0.008904778,0.024358444
2022-12-01,0.006410278,0.014684552,-0.003535655,0.026248226,0.002670229
2022-12-02,-0.035776173,-0.014684552,-0.033616611,-0.017422043,-0.010723963
2022-12-05,-0.001657001,-0.02092752,-0.011049836,0.019147669,0.031832927
2022-12-06,-0.018410562,-0.006060625,0,-0.03509132,-0.031832927
2022-12-07,-0.005080451,-0.009160369,-0.026267927,-0.00896867,-0.010840215
2022-12-08,0.005080451,-0.006153866,-0.001268231,0,0.010840215
2022-12-09,0.020067563,0.003081667,0.033690023,0.045782643,0.049944677
2022-12-12,-0.015012792,0.006134989,-0.004920059,0,-0.01030937
2022-12-13,0.003355708,-0.024769068,0.014688147,0.001719691,0
2022-12-14,0.013311345,0.024769068,-0.006093864,0.008554372,0.002587324
2022-12-15,-0.020034059,-0.009216655,-0.019753729,-0.059666818,-0.058527339
2022-12-16,0.003367007,0.003081667,-0.022699588,-0.016408755,-0.011019395
2022-12-19,0,-0.0217738,0.007623925,0.025409716,0.01648389
2022-12-20,-0.015241616,-0.012658397,-0.008900249,-0.027249642,-0.01648389
2022-12-21,-0.010291686,-0.006389798,-0.003838776,-0.001843318,-0.002773927
2022-12-22,0.018787914,0.015898586,0.015267472,0.016468808,0.024692613
2022-12-23,-0.017065261,-0.009508788,-0.017834868,-0.03133897,-0.035865913
2022-12-26,-0.003448279,0.006349228,-0.010336009,0.003738322,0.002805051
2022-12-27,0.003448279,0,0,0.014815086,0.01390843
2022-12-28,-0.026156679,-0.025642431,-0.013072082,-0.014815086,-0.00554018
2022-12-29,-0.023236077,-0.019672766,-0.013245227,-0.00937214,-0.013986242
2023-01-02,0.003610112,0.038965969,0.009290047,-0.007561473,0.011204599
2023-01-03,-0.001803427,0.012658397,-0.001321877,0.011320876,-0.005586607
2023-01-04,0.042409182,0.00938974,0.068992871,0.044043816,0.022161572
2023-01-05,0.006896579,-0.00938974,0.004926118,0.035277027,0.018996501
2023-01-06,0.013652089,0.00313972,0.020669429,-0.008703275,-0.005390849
2023-01-09,0.028406254,0.027822506,0.034302594,0.065957968,0.060306606
2023-01-10,-0.004954593,-0.006116227,0.005797118,-0.006568168,-0.017972242
2023-01-11,0.00165426,0.006116227,0.009206049,0.019576482,0.01030937
2023-01-12,0,0.015128882,-0.005743841,-0.006483005,-0.0051414
2023-01-13,0.004946424,0.014903406,-0.012753796,0.00809721,0.0051414
2023-01-16,0.004922077,-0.014903406,0.001166181,0.039530839,0.027814688
2023-01-17,-0.001638002,-0.003007521,0.00232829,-0.042761859,-0.035536734
2023-01-18,-0.009884759,-0.009077218,-0.010520261,-0.003241494,0.010282867
2023-01-19,0.01804807,-0.003044142,0.00468934,-0.013072082,0.00255428
2023-01-20,0.00486619,0.003044142,0.024264622,0.006557401,0
2023-01-25,0.025560497,0.007268354,0.042464481,0.022618089,0.030153038
2023-01-26,0.0078555,0.054035458,0.009798663,0.017419284,0.009852296
2023-01-27,0.010895049,-0.005733961,-0.008705169,0.015576639,0.036105005
2023-01-30,-0.020329082,-0.022681984,-0.008781615,-0.018721296,-0.021506205
2023-01-31,-0.037011465,-0.017804625,-0.024554805,-0.033630071,-0.021978907
2023-02-01,0.0130295,0.017804625,0.032242926,0.012945165,0.014706147
2023-02-02,0.027136541,-0.000588408,0.021645867,0.036310224,0.028778965
2023-02-03,0.004713284,0.016924828,-0.012931215,0.041008024,0.055186416
2023-02-06,-0.03509132,-0.012227227,-0.034200796,-0.030213779,-0.036450505
2023-02-07,0.004858309,-0.001172333,0.018899951,0.042048236,0.018391323
2023-02-08,0.01920059,0.012820688,0.04416442,0.016047026,0.04889863
2023-02-09,-0.001586043,-0.000579207,-0.005282632,0.025715703,-0.002171554
2023-02-10,-0.003179653,0.004624286,-0.009579637,-0.04766245,0
2023-02-13,0.00159109,-0.010434877,-0.031507223,-0.050048352,-0.030907537
2023-02-14,0.004758137,0.012163486,0.030437132,0.010827639,0.00447428
2023-02-15,-0.015949301,-0.005773688,-0.018368966,-0.0217738,-0.038685142
2023-02-16,0.023829563,0.037504395,0.013001267,0.00938974,0.022936785
2023-02-17,-0.017419284,-0.001674575,-0.009735069,-0.014117882,-0.022936785
2023-02-20,0.00159617,-0.004479291,0.005420067,0.014117882,0.01611082
2023-02-21,-0.009615459,0,-0.014153747,-0.017282441,-0.01611082
2023-02-22,-0.016234123,-0.022702451,-0.023295563,-0.01436577,-0.018735911
2023-02-23,0.014622519,0.011415649,0.039609138,0.004811557,0.009411834
2023-02-24,-0.011354542,-0.013139292,-0.018508966,-0.011263192,-0.026098753
2023-02-27,-0.013136478,-0.003456225,-0.011049836,0.001616815,0
2023-02-28,0.001651528,0.017162893,-0.006688988,0.008045096,0.002400962
2023-03-02,0.003294896,0.012401512,-0.014648149,-0.019418086,-0.012062872
2023-03-03,-0.004946424,-0.013536586,-0.00912207,-0.003273325,-0.002430135
2023-03-06,0.01639381,0.007918593,0.027120306,0.041739606,0.042863704
2023-03-07,-0.013093477,-0.01361337,-0.008958627,-0.033576296,-0.016451605
2023-03-08,-0.006611594,-0.001142857,-0.023905521,-0.03980625,-0.041118247
2023-03-09,-0.003322262,0.007972707,-0.013921339,-0.001693481,-0.002472189
2023-03-10,-0.010033529,-0.007401115,-0.027236734,-0.01537178,-0.010950831
2023-03-13,0.00836825,0.005698021,0.011933316,0.045424125,0.01342302
2023-03-14,-0.016807118,-0.028820439,-0.038698904,-0.023295563,-0.032625227
2023-03-15,0.013468217,0.019114396,-0.024970086,-0.00168492,0.002038737
2023-03-16,0.001670844,-0.001722653,-0.001265022,0.010067199,0.003557818
2023-03-17,0.023103338,0.014831989,0.061368946,0.004995847,0.004555817
2023-03-20,-0.018107491,-0.008530049,-0.003577821,0.013201512,0.017522351
2023-03-21,0.001659751,0.003989746,-0.001195457,-0.001640689,-0.004975135
2023-03-22,0.013179762,0.025275145,0.038714512,0.029128273,0.031904547
2023-03-23,0.01944956,0.001108648,0.01824452,-0.017699577,-0.014598799
2023-03-24,0.011173301,-0.015634043,-0.013652089,-0.003252035,-0.007380107
2023-03-27,-0.014388737,-0.00904472,-0.020834087,-0.011466137,-0.015928659
2023-03-28,0.012800175,0.005662529,0.033355594,0,0.001003009
2023-03-29,-0.003184716,0.018462063,-0.017113937,-0.004954593,-0.002007025
2023-03-30,0.007942854,0.004424786,0.021628618,-0.004979263,0.009497697
2023-03-31,0.012578782,0.01804807,-0.002254792,0.016502025,0.004962789
2023-04-03,-0.014162314,-0.004889985,-0.015927527,-0.014839514,-0.018991076
2023-04-04,0.007892701,0.001088732,-0.031452797,0.008271346,0.014028286
2023-04-05,0.004705891,0.015654841,0.001182732,-0.003300333,-0.008995563
2023-04-06,-0.025357936,-0.008606831,-0.009501259,-0.031908668,-0.037334942
2023-04-07,0.042425844,0,0.061326327,0,0.00778618
2023-04-10,0.010711656,0.004312675,0.017798023,-0.008569033,-0.002070394
2023-04-11,0.003039516,0.032807175,0.012054941,0.020443642,0.035127053
2023-04-12,0.001516301,0.031260552,-0.016474837,-0.010169579,-0.009550211
2023-04-13,0.001514005,0.003525564,-0.017877571,0.013536586,-0.008113635
2023-04-14,-0.015244198,-0.014177453,0.006741599,0.016667052,0.013151429
2023-04-17,0.003067487,-0.005625175,-0.008998936,-0.006633523,-0.010101096
2023-04-18,0.00458366,-0.01863408,-0.010221554,-0.018472398,-0.021550347
2023-04-19,-0.001525553,0.011428696,0.006825965,-0.006802747,-0.007287903
2023-04-20,-0.003058106,-0.005698021,-0.005685064,-0.012017312,0.001044387
2023-04-21,0.006106889,-0.010969031,0.015837435,0,-0.006808091
2023-04-24,-0.007639457,0.007847281,-0.021555004,-0.012163486,-0.001577702
2023-04-25,-0.024845999,0.046330505,-0.019687955,-0.021202208,-0.020739909
2023-04-26,0.007830894,0.002484473,0.021978907,0.008888947,0.010689573
2023-04-27,0.007770047,0.002478316,0.015891367,-0.012466769,0.000531491
2023-04-28,0.013835732,-0.022529113,0.007851975,0.040391794,0.021551425
2023-05-02,0.003048783,0.020050797,0.007790802,0.00686109,0.004669269
2023-05-03,-0.004576667,-0.002484473,-0.004444452,-0.003424661,-0.003110422
2023-05-04,-0.004597709,-0.008995563,-0.012325086,-0.019048195,0.018009234
2023-05-08,0.012213892,0.016430541,0,0.008703275,0.05409406
2023-05-09,-0.009146405,0.012270093,-0.015909426,-0.003472226,0.01913934
2023-05-10,-0.010777625,0.024097552,-0.004592431,-0.01754431,-0.004750603
2023-05-11,-0.0062112,-0.009569451,-0.006928434,-0.008888947,0.004750603
2023-05-12,-0.001558847,0.002400962,0.010374733,0.010657294,0.011778699
2023-05-15,0.00622086,-0.002400962,-0.009216655,0.003527341,-0.007050558
2023-05-16,0.013857035,-0.026798193,0.045256592,-0.012400513,-0.021454935
2023-05-17,-0.006134989,0.009828089,0.016456762,0.028121361,0.026160826
2023-05-18,0.018293193,0.009732437,0.018329354,-0.008703275,-0.002350177
2023-05-19,0.032692362,-0.004854378,0.038768606,0.012163486,0.018648559
2023-05-22,0.001460921,0.009685306,0.009207226,0,-0.006952519
2023-05-23,-0.001460921,0,-0.003059666,0.001725626,-0.014051753
2023-05-24,0.001460921,0,-0.00204499,-0.020906685,-0.043380296
2023-05-25,0.00437,-0.019465335,0.057670054,-0.001762115,0.01467019
2023-05-26,0.021568054,0.009780029,0.053609451,-0.001765226,-0.017136282
2023-05-30,0.02805233,-0.024631787,0.010022863,0.003527341,-0.004950505
2023-05-31,-0.01252626,-0.00249688,-0.015532519,-0.010619569,-0.009975145
2023-06-01,-0.007027436,-0.012578782,0.015532519,-0.001780944,0.022305758
2023-06-02,0.018169612,0.010075652,0,0.019418086,0.002447982
2023-06-05,-0.006949298,0.007490672,-0.014612132,-0.001749782,0
2023-06-07,-0.009810871,-0.023151512,-0.006460567,0.005240187,0.002442004
2023-06-08,-0.001409444,0.001526329,0.01561814,-0.015803665,-0.022195732
2023-06-09,0.015395685,0.002031489,0.050654987,-0.00177148,0
2023-06-12,-0.013986242,-0.004576667,-0.00521287,0.003539827,0
2023-06-13,0.013986242,0.009132484,0.040124887,-0.003539827,0.002490661
2023-06-14,-0.001389854,0.015037877,-0.005874964,-0.012489012,-0.008995563
2023-06-15,-0.005578815,-0.006488668,0.001682086,-0.032849669,0.006504902
2023-06-16,0.004187026,-0.001503383,-0.000840689,-0.00558141,0.00992564
2023-06-19,-0.008391658,-0.00050163,-0.03509132,-0.020735898,-0.019447135
2023-06-20,0.002805051,-0.007049375,0.011260405,-0.015355388,-0.000503651
2023-06-21,-0.01268516,0.030358141,-0.008650573,-0.023484445,-0.044291482
2023-06-22,0.011283618,-0.009852296,-0.009602867,-0.003968259,0.007345259
2023-06-23,0.004198747,-0.010450456,-0.003514942,-0.012000144,-0.012625102
2023-06-26,0.011111225,0.002997005,-0.000880669,0.006018072,0
2023-06-27,0.002758622,0.027061922,-0.004415018,-0.01308524,-0.01600888
2023-06-28,0.001376463,0,0.011438752,-0.007117468,-0.005934736
2023-06-29,-0.004135085,-0.007308193,0.016486274,0,-0.007604599
2023-06-30,-0.002766253,0.009732437,-0.008643096,0.002038737,-0.003276901
2023-07-03,0.011019395,0.009638629,0.020619287,0.037966598,0.034940399
2023-07-04,0,-0.002400962,0.002547772,-0.020803128,-0.003174606
2023-07-05,-0.013793322,-0.012092046,-0.010230268,-0.022268127,-0.011727213
2023-07-06,-0.005571045,0.004854378,-0.025164018,0.041108545,0.04712914
2023-07-07,-0.024029425,-0.012180419,-0.017730961,-0.020844427,-0.002560821
2023-07-10,-0.005738897,0.00732604,-0.013507634,0,-0.009273637
2023-07-11,0.028370697,0.007272759,0.027717465,0.016907414,0.021506205
2023-07-12,0.005578815,-0.017052788,0.017482963,0.017595762,0.02303557
2023-07-13,0,0,-0.011329097,0.005797118,-0.011451457
2023-07-14,0.020647671,0.024273036,0.033609368,0.017192401,0.023751735
2023-07-17,-0.001363327,-0.024273036,-0.006802747,-0.001895735,0.009732437
2023-07-18,-0.01789449,-0.009876623,0.005106394,-0.017225306,0.01203384
2023-07-19,-0.004175371,0.002478316,-0.002549938,-0.027398974,-0.021766276
2023-07-20,-0.009810871,-0.007453451,-0.005119465,0.001982161,0
2023-07-21,-0.009908078,-0.00249688,-0.015517553,0.00197824,0.007308193
2023-07-24,0.001421464,-0.004008021,-0.009602867,-0.01493308,-0.01467019
2023-07-25,-0.005698021,0.006504902,-0.005277057,-0.020264118,-0.009901071
2023-07-26,-0.002861232,-0.009018097,-0.003533573,-0.021728739,-0.016554178
2023-07-27,0.026856738,-0.00453973,0.092893747,0.056925937,0.067474268
2023-07-28,-0.015460603,-0.005068435,0.031748698,0,-0.002366865
2023-07-31,-0.011396135,-0.004073325,-0.036599152,0.013739176,0.073091884
2023-08-01,0.018453327,0.017198198,0.013682306,0.067822596,0.026088436
2023-08-02,-0.017021688,-0.035216704,-0.045797046,-0.031454952,-0.023888215
2023-08-03,-0.015861904,-0.004164504,0.004175371,0.001877935,-0.019978467
2023-08-04,-0.007293978,0.002604846,0.000832986,-0.028546182,0.002239643
2023-08-07,0.002923979,-0.022094534,0.014876307,0.017225306,0.048044174
2023-08-08,-0.013225762,0.002125399,-0.02744455,-0.017225306,-0.050283816
2023-08-09,0.019048195,0.005293819,-0.000843526,0.019121041,0.019978467
2023-08-10,-0.013148473,-0.005293819,0,-0.003795071,-0.011049836
2023-08-11,-0.007380107,0.011084832,-0.027375533,-0.019194447,-0.01342302
2023-08-14,-0.002967361,-0.008963941,-0.003475242,-0.017595762,-0.00451468
2023-08-16,-0.004467617,-0.016017427,0.00780238,-0.007920833,0.0067644
2023-08-17,-0.004487666,-0.005396667,-0.008673081,-0.021095709,-0.020432039
2023-08-18,-0.006015056,0.007010004,0.020690393,-0.016377029,-0.025553074
2023-08-21,0.00451468,0,-0.006849342,-0.001032525,0.00936775
2023-08-22,0,0.009625743,0.000858738,0.005151995,0.029852963
2023-08-23,0.007479466,-0.002131061,-0.004301082,0.005125588,-0.025201792
2023-08-24,0.016260521,-0.005883943,0.041373567,0.004081638,0.060761094
2023-08-25,-0.016260521,-0.001073537,-0.037072485,-0.020576858,-0.08186387
2023-08-28,-0.004480963,-0.004305712,-0.005163523,-0.002081166,0.011778699
2023-08-29,0,0.006987397,0.023028736,0.01242252,0.02085823
2023-08-30,0.004480963,0.005874516,0.006722714,0.008196767,-0.002296212
2023-08-31,-0.002985077,0.006898409,0.019901154,-0.018538121,-0.013889112
2023-09-01,0.05948091,-0.009030606,-0.014888612,0.017517192,0
2023-09-04,0.002812941,-0.00053376,-0.006688988,0.003059666,-0.01408474
2023-09-05,-0.007047246,-0.003744321,0.001676446,-0.004081638,0.002361276
2023-09-06,-0.009950331,0.000535762,-0.010101096,0.00306279,0.00938974
2023-09-07,0.005698021,0.002674513,0.002534856,-0.006134989,0.011614532
2023-09-08,-0.001421464,-0.008045096,-0.04134956,-0.01030937,-0.006952519
2023-09-11,0.007087202,-0.001077586,0.01916435,0,-0.01641303
2023-09-12,-0.004246291,0.003766483,0.006878789,0.003103986,0.037127234
2023-09-13,0.005657724,0.019149521,0.015306421,-0.012474174,0.011325149
2023-09-14,0.011220314,0.004730626,0.030746086,0.010405921,0.015642777
2023-09-15,0.004175371,0.007834984,0.001635323,0.011322818,0.017582871
2023-09-18,-0.025317808,-0.006263068,-0.028170877,-0.005130848,-0.03548044
2023-09-19,-0.005714301,-0.005249356,0.001679262,-0.015552413,-0.009070357
2023-09-20,-0.002869442,0.025462534,-0.01011813,-0.015798117,-0.009153382
2023-09-21,-0.010108389,-0.015512203,-0.012793351,-0.031269394,-0.03509132
2023-09-22,-0.001452433,-0.002086594,0.006843483,-0.013230623,-0.009569451
2023-09-25,0.008683123,0.007284111,-0.002560821,-0.005564845,-0.007237667
2023-09-26,-0.011594333,-0.011470407,-0.017241806,-0.023716527,-0.026995504
2023-09-27,-0.00291971,0.002095339,-0.002612104,0.004561011,0.002484473
2023-10-04,-0.013245227,-0.001571092,0.00608433,-0.054952457,-0.052469381
2023-10-05,-0.011922645,-0.001573564,0.040752668,-0.018193346,-0.00945882
2023-10-06,-0.010550211,0.008884302,0.001662511,0.028952565,0.00788855
2023-10-10,0.006042314,-0.019969134,-0.007503162,-0.015578506,0.00157027
2023-10-11,0.026747508,0.005293819,-0.002513617,0.029746393,0.009370188
2023-10-12,0.010211613,-0.007419218,0.041090415,0.023176008,0.003103986
2023-10-13,-0.013148473,-0.00479873,0.004017683,-0.010362787,-0.009341012
2023-10-16,-0.010347469,-0.001604707,-0.00482316,-0.001158078,-0.011009286
2023-10-17,0.030726631,0.009059481,0.046446758,-0.008144315,-0.00634587
2023-10-18,0.015725842,0.017355156,0,-0.023641763,-0.011739729
2023-10-19,-0.014285957,-0.015235388,-0.033636335,-0.031594365,-0.02665374
2023-10-20,-0.010123008,-0.029003107,0.003969835,-0.036459098,-0.006637193
2023-10-23,-0.00583092,0.010300986,-0.017586385,-0.028573372,-0.01059982
2023-10-24,0.001460921,-0.014122994,0.022329476,0.042559614,0.047641092
2023-10-25,-0.00732604,-0.004385972,0.005505323,-0.016550346,0.011167359
2023-10-26,-0.019302752,-0.013831479,-0.060624622,-0.033945818,-0.03881889
2023-10-27,0.008955284,-0.021966527,-0.007528266,0.002652521,0.019058568
2023-10-30,0,-0.017811445,0,0.006600684,0.003768511
2023-10-31,-0.00596127,-0.016365064,-0.023790417,-0.005277057,0.006961206
2023-11-01,0.025093568,0.003529415,0.033815563,-0.005305052,0.001599574
2023-11-02,0.015907783,0.009932889,0.040722239,0.02495205,0.016380815
2023-11-03,-0.00143575,0.008106588,0.003982482,0.0689064,0.049588488
2023-11-06,0.018505866,0.02562053,0.055655784,0.079111002,0.024631787
2023-11-07,0,-0.010169579,-0.019742479,-0.021481889,-0.024631787
2023-11-08,-0.014204784,-0.007409552,-0.021706279,0.004561011,-0.01558212
2023-11-09,0.00570615,-0.000572246,0.003129893,0.036855092,0.004044495
2023-11-10,0.002840911,-0.005740544,0.019342963,0.001095891,-0.01781671
2023-11-13,-0.001419447,-0.002305477,0.009912395,-0.014341117,-0.010844413
2023-11-14,0.005665738,0.010903982,-0.013751172,0.029558802,0.030677252
2023-11-15,0.019581045,0.040821995,0.03105134,0.041210269,0.034153282
2023-11-16,0.008275909,0.012523986,-0.013513719,-0.00207254,-0.012240055
2023-11-17,-0.004129393,-0.002166848,-0.018307147,-0.01462931,-0.004938282
2023-11-20,0.002754823,-0.004347833,0.011481182,0.006295928,0.002472189
2023-11-21,0.001374571,0.003262646,0.004555817,0.029883728,0.009828089
2023-11-22,0,-0.006535971,-0.005317141,0.021095709,0.014563364
2023-11-23,-0.005509656,0.009788006,-0.009181396,0,-0.009685306
2023-11-24,-0.009715552,-0.004338402,-0.016273122,0.003968259,0
2023-11-27,-0.00559442,0.004879381,0.020874357,-0.01295484,0.002430135
2023-11-28,0.019445057,0.00431733,0.005341485,0.024766001,0.007255171
2023-11-29,0,-0.004858309,-0.007639457,-0.011811161,0
2023-11-30,0.001374571,-0.002709295,0.026486603,0,0.00240674
2023-12-01,-0.011049836,-0.008172206,-0.009756175,-0.015968403,-0.009661911
2023-12-04,0.008298803,-0.006586193,-0.011376687,0.021891421,0.021609484
2023-12-05,-0.019472103,-0.001101928,-0.04047245,0,0.011806513
2023-12-06,0.006997929,0.008235018,-0.002385687,-0.005923018,0.002344667
2023-12-07,-0.002793298,-0.001641587,0,0,-0.004694844
2023-12-08,0.015267472,0.013598251,0.015014111,0.023484445,0.023256862
2023-12-11,0.005494519,0.001619434,0.010920545,0.007707167,0
2023-12-12,0.006825965,0.001078167,0.016160413,-0.005774799,-0.018562018
2023-12-13,-0.009569451,-0.003237995,0.001525553,-0.017527226,0
2023-12-14,0.004112412,-0.001081666,0.041065867,0.064661303,0.043534939
2023-12-15,0.002732242,0.042379223,0.023853679,0.010989122,0.013363228
2023-12-18,-0.00547197,-0.00415801,0,-0.018382871,-0.013363228
2023-12-19,0.006835297,0.001041125,-0.012940511,-0.001857011,-0.00224467
2023-12-20,0.018893949,0.035270715,0.016505577,-0.001860466,-0.009029407
2023-12-21,0.002670229,-0.002011062,0,-0.016901811,-0.018307147
2023-12-22,0.011928571,0.001508675,0.000711491,0,-0.006952519
2023-12-26,0.009180392,-0.001005531,0.00213144,-0.007604599,0.002322881
2023-12-27,0.01811175,-0.001510194,-0.003554927,0.018904155,0.034210862
2023-12-28,0.006389798,0.024876905,0.007804225,0.016713481,0.00447428
2024-01-02,0.013915468,-0.014851758,0.006340282,0.064193158,0.015504187
2024-01-03,-0.033208671,-0.033987547,-0.040119994,-0.022708399,-0.024472857
2024-01-04,-0.005208345,-0.019802627,-0.00292826,0.010544913,0.00449439
2024-01-05,0,-0.014312463,0.008032172,-0.024780029,-0.011274077
2024-01-08,-0.001306336,-0.008579141,-0.010969031,0.024780029,0.02684725
2024-01-09,-0.023810649,-0.000538648,0.010241494,0.025885828,0.013158085
2024-01-10,-0.014835066,0.00590923,-0.028794902,0.008481815,0.006514681
2024-01-11,-0.005449605,0.001605566,0.018553408,0.026668247,0.002162163
2024-01-12,-0.001367054,-0.005361943,-0.014069095,-0.006600684,-0.004329011
2024-01-15,0.010884461,0.008032172,0,0.011522761,-0.004347833
2024-01-16,-0.017747906,-0.006957481,-0.015026579,-0.024856292,0.002176279
2024-01-17,-0.022285045,-0.023914183,-0.008361888,-0.035870626,-0.049007579
2024-01-18,0.009810871,-0.008839837,0.038927071,-0.012248622,-0.011481182
2024-01-19,0.040989345,0.00828963,0.036760896,0.013986242,-0.004629638
2024-01-22,0.005340467,-0.008844723,0.009158218,-0.021053409,0.006936444
2024-01-23,0.001330672,0.025761907,-0.012703064,0.022788015,0.004597709
2024-01-24,-0.016086138,0.001081666,0.004959273,-0.017482963,0
2024-01-25,0.001350439,0.019802627,-0.029403337,-0.01242252,-0.02085823
2024-01-26,-0.009491597,-0.007446843,-0.010241494,0.010657294,0.013953715
2024-01-29,0.013532006,0.043360148,-0.007380107,-0.023236077,-0.021004273
2024-01-30,-0.00134499,-0.029047685,0.013975954,-0.018248682,-0.011862535
2024-01-31,-0.021769567,0.023922098,-0.016200649,-0.033711057,-0.043909493
2024-02-01,0.012303641,0.06659191,-0.014959142,0.003802286,0.00992564
2024-02-02,0.021506205,0.087411938,0.016442822,0.06607908,0.089682703
2024-02-05,-0.012040279,0.047320656,-0.019461692,-0.02336135,-0.06288451
2024-02-06,0.00134499,-0.01055976,0.042181614,-0.018349139,-0.012092046
2024-02-07,0.008032172,0.039547297,0,-0.003710579,-0.004878058
2024-02-08,-0.012072581,0.020202707,0.034191365,0.003710579,0.007308193
2024-02-13,0.014735699,-0.004008021,0.049190244,0.012879663,-0.00486619
2024-02-14,-0.016086138,-0.014155949,-0.008704441,0.003649639,-0.012270093
2024-02-15,-0.013605652,-0.022658024,0,0.075408193,0.004926118
2024-02-16,-0.002743486,0.050772325,-0.012859737,-0.013605652,0.007343974
2024-02-19,0.013642776,0,0.030193505,-0.003430535,-0.007343974
2024-02-20,-0.006798123,-0.042473523,-0.011299555,0.008554372,-0.004926118
2024-02-21,-0.004101168,-0.010384309,-0.00401876,-0.011996716,0
2024-02-22,0.001368926,0.016563526,0.049109704,-0.001725626,-0.002472189
2024-02-23,-0.002739728,0.002051283,0.030829746,-0.013913268,-0.007453451
2024-02-26,-0.001372684,-0.020704673,0.002475249,0,-0.002997005
2024-02-27,0.001372684,-0.002094242,-0.050707948,-0.005267791,0.000500125
2024-02-28,0.004106782,0.039059436,0.026941976,-0.021353124,0.019802627
2024-02-29,0.002728515,0.010030174,-0.011457796,-0.04224687,-0.045120435
2024-03-04,0.020229955,0.019763489,0.063858072,-0.003759403,-0.015504187
2024-03-05,-0.016151091,-0.025769513,-0.004213067,-0.026719147,-0.01733692
2024-03-06,-0.01091416,0.008000043,-0.017645727,0.003861009,0.005812434
2024-03-07,-0.009648593,-0.003992021,0.012202714,0.019084549,-0.004223871
2024-03-08,0.015120563,0.011928571,0.041573683,0.005655057,-0.005305052
2024-03-11,-0.01235431,-0.038272546,-0.031317183,0.025975486,0.010055655
2024-03-12,0.01235431,-0.008247469,-0.005416805,0.021739987,0.003154577
2024-03-13,0.010854923,0.028573372,-0.0127545,-0.021739987,-0.011084832
2024-03-14,0.002695419,0.012000144,-0.010445563,0.005479466,-0.008528836
2024-03-15,-0.027286823,-0.032326047,-0.004333031,-0.014679163,-0.003754362
2024-03-18,0.006891826,-0.004115232,0.019048195,-0.020542272,-0.010805075
2024-03-19,0,-0.020834087,-0.02527099,-0.019048195,-0.00818112
2024-03-20,0.054789921,0.01462931,-0.023367025,0.01715962,0.002734484
2024-03-21,0.030732252,0.044632154,0.082742427,0.013145729,0.007074859
2024-03-22,-0.005056901,-0.034312145,-0.001177163,0,0.024110463
2024-03-25,-0.00891158,-0.016563526,-0.002358492,0.003724399,-0.004775812
2024-03-26,0.021506205,0.004166673,0.041624506,0.020239881,0.004775812
2024-03-27,-0.001252348,0.014448136,0.025714105,-0.001823155,0.002115284
2024-03-28,0.012453461,-0.029108084,-0.016694879,-0.00732604,-0.011689825
2024-03-29,0.019608471,-0.017021688,0.026579638,-0.012951152,0.001602137
2024-04-01,-0.00486619,-0.023888215,0.013568729,0.001860466,0.036157987
2024-04-02,0.035932009,-0.033522692,0.004303396,-0.049533935,-0.011907984
2024-04-03,-0.01064469,-0.018349139,-0.038855777,-0.003913899,0.007265211
2024-04-04,0.014167888,0.045256592,0.047939462,-0.033901552,0.004642773
2024-04-05,-0.00942292,-0.00221484,-0.028049304,-0.011218884,-0.006195167
2024-04-08,0,0.030570066,-0.008791265,0.008171649,-0.016710572
2024-04-09,-0.010708014,-0.019544596,0.009338162,0.002032521,-0.004750603
2024-04-11,0.005963047,0.055451305,0.029627807,-0.024667232,-0.028987537
2024-04-12,-0.004767589,-0.01252626,-0.005321992,-0.004171018,0.012449417
2024-04-15,-0.018083675,0.014598799,0.004259857,-0.002092051,-0.016816236
2024-04-16,-0.027128667,0.002068253,-0.049560918,-0.021164811,-0.018217451
2024-04-17,-0.013845407,-0.035755649,-0.002235887,0.00320342,0.000556948
2024-04-18,0.008832865,-0.010764367,0.01994526,0.045841359,0.006106042
2024-04-19,-0.025446666,0.017167804,-0.050629485,-0.010235504,0.00936388
2024-04-22,-0.019519162,0.041672696,-0.00985801,0.008196767,-0.008257685
2024-04-23,-0.007915609,0.018200705,-0.003502631,-0.031090587,-0.00443214
2024-04-24,0.040239043,0.011952334,0.050181566,0.012552466,0.01979174
2024-04-25,-0.029698761,-0.009950331,-0.052523487,-0.014659948,-0.005458529
2024-04-26,0.00522877,-0.002002003,0.041337688,-0.002111933,-0.00658981
2024-04-29,0,0.007984074,-0.010743671,0.025053502,0.017477234
2024-04-30,0.010376228,-0.00199005,-0.009711587,0.002059733,-0.001625576
2024-05-02,0.00643089,-0.008000043,-0.003450262,-0.00619197,0.023580943
2024-05-03,-0.0051414,-0.032655963,-0.002306806,0.018462063,0.030257916
2024-05-07,0.046578589,0.004140793,0.03628516,0.01011131,0.001027221
2024-05-08,0,0,-0.008948606,0.002010051,-0.02022366
2024-05-09,-0.019876431,-0.020877585,-0.01471447,-0.024391453,-0.013713295
2024-05-10,-0.006293287,0.018809332,0.025332061,-0.016597891,0.001591935
2024-05-13,-0.010152371,0.014388737,0.021447069,-0.016878038,-0.023063506
2024-05-14,-0.001276324,0.006103783,0.008127923,-0.007474674,0.000542446
2024-05-16,-0.001277955,0.002026343,0.040714056,0.003210276,0.021990696
2024-05-17,-0.010282867,-0.012220111,-0.016192571,-0.007506738,-0.006386397
2024-05-20,0.019194447,0.026290695,0.001052632,-0.008648703,-0.017775852
2024-05-21,-0.0063573,0.009930568,0.009945123,-0.002173914,-0.004357305
2024-05-22,-0.00896867,0.090628017,0.029255358,-0.003269758,-0.003280484
2024-05-23,0.007692346,-0.020055367,0.011566636,-0.00767127,-0.002741981
2024-05-24,-0.031130919,-0.014842573,-0.007024615,-0.022247859,-0.017170181
2024-05-27,0.016982773,-0.007504726,0.01449663,0.031010237,0
2024-05-28,0.00516797,-0.001885015,0.004950505,-0.016492952,-0.008978736
2024-05-29,-0.031416196,-0.015209419,0,-0.030390634,-0.011908278
2024-05-30,-0.022865825,-0.015444322,-0.034157012,-0.002288331,-0.028350178
2024-05-31,0,-0.015686596,-0.033778218,-0.008050647,-0.001174398
2024-06-03,0.029492754,0.046340337,0.026083899,0.022832042,0.014581769
2024-06-04,-0.005298026,-0.022901764,-0.00464517,0.006749182,0.023463165
2024-06-05,0.027506646,0.019121041,0.002067184,-0.001121705,0.001695395
2024-06-07,-0.001292825,0.003780723,0.068820769,-0.006756782,-0.009645465
2024-06-10,-0.020915795,0.00938974,0.00240674,-0.026332374,-0.02716145
2024-06-11,-0.006626929,0.012999255,0.021403909,0.00115942,-0.002933414
2024-06-12,0.01713951,-0.003696862,0.01169604,-0.002320187,-0.010632114
2024-06-13,0.027080959,-0.003710579,0.032039354,0.013841051,0.008867927
2024-06-14,0.012642393,-0.003724399,-0.00451468,0.005711038,0
2024-06-17,-0.019024036,0.038431079,0.00900907,-0.034765958,-0.022620012
2024-06-18,0.021533448,0.016028838,0.050283816,-0.002361276,0.004205473
2024-06-19,0.017391743,0.012291639,-0.004273511,0.011751017,0.006573074
2024-06-20,0.004914015,-0.003496507,0.016985546,-0.00938974,-0.004177863
2024-06-21,-0.019802627,-0.019452426,-0.014846508,0.017534055,0.002389487
2024-06-24,0.007472015,0.003565066,-0.048149344,-0.025823031,0.007726636
2024-06-25,0.002478316,0.026340417,0.008928631,-0.02528732,-0.014912295
2024-06-26,0.006169051,0.003460211,0.051959739,0.014528101,0.011947573
2024-06-27,0.003683245,0.028938189,-0.002111933,-0.029270382,-0.017975319
2024-06-28,-0.001226242,-0.01011813,0,0.006169051,0.009028048
2024-07-01,0.003674223,-0.030983546,-0.004237294,0.008573231,-0.024258315
2024-07-02,0,-0.048353197,-0.014973542,-0.024692613,-0.018587896
2024-07-03,0,0.012762252,0.017094433,0.00249688,-0.000625587
2024-07-04,0.033657023,0.005420067,-0.025752496,0.004975135,0
2024-07-05,0.029122617,0.012533736,0.025752496,0.029341958,0.050636007
2024-07-08,0.003438399,0.007092228,-0.010649728,0.021454935,0.014176256
2024-07-09,0.004566218,-0.030495637,0.021187233,0.001178551,0.001172333
2024-07-10,0,0,0.002094242,0.007042283,0.039062979
2024-07-11,-0.002280503,0.014466798,0.008333382,-0.009400774,-0.007918593
2024-07-12,-0.037213596,-0.02545592,-0.03375848,-0.002364067,-0.007409552
2024-07-15,0.026886482,-0.011111225,-0.012959145,-0.008318527,0.008544626
2024-07-16,0.011468016,0.022100347,0.012959145,-0.024155764,-0.027020902
2024-07-17,-0.011468016,-0.022100347,-0.055140759,0.007308193,0.010434877
2024-07-18,0.002304148,-0.030248053,-0.036955707,-0.001214329,0.008613318
2024-07-19,-0.029190631,-0.007707167,-0.014218249,0.004848494,-0.01555779
2024-07-22,-0.016726794,-0.013632149,-0.02171376,-0.007281586,0.002899393
2024-07-23,0.010785006,0.032789823,0,-0.055082759,-0.01223435
2024-07-24,-0.022906366,-0.019157674,0.016929062,0.017857617,0.006427133
2024-07-25,-0.019705071,-0.027452704,-0.092914969,0.024970086,0.036034782
2024-07-26,0.006199648,-0.032326047,0.00942909,-0.018668868,-0.018141087
2024-07-29,0.003701423,0.048105467,0.019618595,0.00376176,0.001143511
2024-07-30,-0.002466092,-0.021761492,-0.034853983,-0.022785796,-0.009761777
2024-07-31,0.035176459,-0.004008021,0.029728395,0.003833871,0.004031102
2024-08-01,-0.009580912,0.017910927,-0.006702784,0.015190165,0.005730675
2024-08-02,-0.043030609,-0.038195598,-0.10979639,-0.006301218,-0.020785968
2024-08-05,-0.108716224,-0.085522173,-0.103950169,-0.085747953,-0.093503179
2024-08-06,0.015288693,0.047939462,0.047538657,0.045768418,0.014626652
2024-08-07,0.02989353,0.004246291,0.033636805,0.007863736,0.026784535
2024-08-08,-0.017556157,0.002116403,-0.035471107,0.0039088,0
2024-08-09,0.017556157,0.027113235,0.048382084,-0.038440783,0.00612747
2024-08-12,0.010652564,0.002055499,0.031566466,0.002699057,-0.020988425
2024-08-13,0.007915609,-0.002055499,0.027307353,-0.019048195,-0.024630232
2024-08-14,0.014351192,-0.00826451,0.026045965,0.010929071,0.005737982
2024-08-16,0.038124058,0.056466612,0.06731319,-0.006816659,0.001270648
2024-08-19,-0.023975912,0,-0.029473678,0.002732242,-0.005730675
2024-08-20,0.007633625,0.003913899,0.029473678,-0.004101168,0
2024-08-21,-0.007633625,-0.013766196,-0.036200741,0.00273598,-0.001277955
2024-08-22,0,-0.017982503,-0.007818648,0.025625138,0.051708809
2024-08-23,-0.007692346,0.017982503,-0.029741969,-0.002666668,0.001213592
2024-08-26,-0.020806993,-0.011952334,-0.032322726,0.03283289,0.0345684
2024-08-27,-0.003949972,-0.008048333,-0.025946182,-0.01825344,-0.016539066
2024-08-28,0.007884404,0.04541748,0.024274407,-0.022622389,-0.024722393
2024-08-29,-0.031917603,-0.001932368,-0.055028208,-0.004045859,0.006693058
2024-08-30,0.004045859,-0.011673284,0.023297501,0.005390849,0.025151026
2024-09-02,0.00134499,-0.037890874,0.001725626,-0.00809721,-0.014894526
2024-09-03,-0.02586938,-0.035163912,-0.033307198,-0.019152432,-0.007833725
2024-09-04,-0.03509132,-0.021277398,-0.08361414,-0.058296533,-0.048336547
2024-09-05,-0.014388737,-0.015168221,0.029282805,0.008746411,0.014497575
2024-09-06,-0.001450327,-0.006571765,-0.018999938,-0.013148473,-0.016404153
2024-09-09,-0.02052858,0.008752791,0.003828977,0,-0.014093763
2024-09-10,-0.019447135,0.006514681,-0.009600074,0.001469508,0.025479085
2024-09-11,-0.019832839,-0.033006296,0.010873148,0.011678965,-0.016487374
2024-09-12,0.021342273,0.037325958,0.071195702,0.025789395,0.022756987
2024-09-13,-0.029076264,0.021322769,-0.036192129,0.007047246,0.000624805
2024-09-19,-0.020392864,0.037271395,-0.063392577,-0.008462674,0.003118182
2024-09-20,-0.001586043,0.018127385,0.027752669,-0.011396135,-0.004368182
2024-09-23,-0.006369448,-0.006006024,0.03071379,0.017045867,0.04164717
2024-09-24,0.009539023,0.015936592,0.009216655,0.016760169,0.00776819
2024-09-25,-0.015949301,-0.005946499,0.010949014,-0.006949298,-0.010772097
2024-09-26,0.039406202,0.029385072,0.090182388,0.024794659,0.027886708
2024-09-27,-0.007757991,-0.017527226,0.015903818,-0.002724797,-0.002929976
2024-09-30,-0.042966036,-0.042132611,-0.051350567,-0.01373648,-0.005885832
2024-10-02,-0.003257332,-0.029108084,-0.032007388,-0.00415801,-0.007109035
2024-10-04,-0.01148495,0.010493276,0.029139591,0.019257817,0.014753882
2024-10-07,0.006578971,0.03083492,0.060185292,0.001361471,-0.027317613
2024-10-08,-0.01154176,-0.004056801,-0.038031588,0.006779687,0.000601866
2024-10-10,-0.023491013,0,0.0477195,0.009414999,0.036625476
2024-10-11,0.006768215,0.01011131,-0.003756377,0.001337793,0.005206838
2024-10-14,0.024980483,0,0.008032172,-0.024358444,-0.011024191
2024-10-15,0.003284075,-0.01011131,0.028393075,0.031020694,0.021928172
2024-10-16,-0.024897552,0.004056801,-0.022013468,-0.001328904,0.010221554
2024-10-17,0.003355708,-0.047677423,0.037956207,-0.006671139,-0.011363759
2024-10-18,-0.008410479,-0.004255326,-0.04540305,0.03032533,0.010233176
2024-10-21,-0.003384098,0.010604553,0.019038121,0.023107575,0
2024-10-22,-0.02228027,-0.010604553,-0.016372164,-0.053432905,-0.032186686
2024-10-23,0.023973751,0.027341346,0.042737092,0.009327183,0.007564773
2024-10-24,-0.043221939,-0.053260723,0.011161963,-0.006653384,-0.002321533
2024-10-25,-0.012444605,-0.013216051,0.014028286,-0.025694449,-0.025302909
2024-10-28,0.038601284,0.004424786,-0.025190249,0.025694449,0.01537582
2024-10-29,0.02548991,-0.011098893,-0.029512885,-0.002673798,-0.007067167
2024-10-30,-0.00842465,-0.015748357,0.024397784,0,0.030270064
2024-10-31,0.001690617,-0.025259667,-0.045641281,-0.010767264,-0.025553074
2024-11-01,-0.015319449,-0.007001195,-0.022253293,-0.021888699,-0.001766265
2024-11-04,0.006837633,0.013953715,0.062753174,0.032655963,0.034745823
2024-11-05,-0.018917159,-0.006952519,-0.004132237,0.010652564,0.004542881
2024-11-06,-0.005221944,-0.040337616,0.013367808,-0.032304289,-0.001133787
2024-11-07,0.003484324,0.004830927,0.008138397,0,0.019101704
2024-11-08,-0.00873368,-0.019465335,0.01558212,-0.043333125,-0.02879115
2024-11-11,-0.035718083,0.036192129,-0.040198747,-0.037850224,0.007986352
2024-11-12,-0.037041272,-0.01913934,-0.035944673,-0.01344307,0.030220543
2024-11-13,-0.046340337,-0.034901552,-0.015731271,0.004501133,0.004400447
2024-11-14,-0.013930574,0.00797214,-0.055647961,-0.018127385,0.033993022
2024-11-15,0.069660651,0.022086787,0.029614921,0.037401517,0.007926065
2024-11-18,0.058092557,0.052021185,-0.037157747,0.030371098,0.004201687
2024-11-19,-0.007079676,-0.006936444,-0.006427133,0.032238251,0.01146443
2024-11-20,-0.017921627,0.013825105,0,-0.020906685,0.000518001
2024-11-21,0.01969625,-0.013825105,-0.010607053,-0.009908078,-0.017764312
2024-11-22,-0.007117468,0.006936444,0.045738797,0.025282245,0.001580195
2024-11-25,0.033365694,0.009174376,0.001696353,0.002770085,0.01670185
2024-11-26,0.006884709,0.020339684,0.000564812,0.023240964,0.012345836
2024-11-27,-0.034907558,-0.011248713,-0.050966444,0.035836615,0.037134221
2024-11-28,-0.014311514,-0.009090972,-0.043722811,-0.003919012,0.007361996
2024-11-29,-0.023702112,-0.002285715,-0.00747667,0.048540819,0.009732437
2024-12-02,-0.01113184,-0.011507607,-0.006903071,0.04985835,-0.014634408
2024-12-03,0,-0.006968669,0.037693681,0.018801964,0.026668247
2024-12-04,-0.00937214,-0.025975486,0.01862475,0.081563893,-0.031594365
2024-12-05,0.011236073,-0.021766276,0.029327615,-0.055140759,0.007380107
2024-12-06,0.007421184,-0.004901971,-0.034699159,0.009029407,0.002447982
2024-12-09,-0.01302344,-0.012361097,0.010714388,-0.050702103,-0.014778594
2024-12-10,0.011173301,0.046180745,0.008841791,0.035987633,0.036544871
2024-12-11,0,-0.007151401,0.008182395,0.01695914,0.042160811
2024-12-12,0.034580334,0.011890747,0.024721006,-0.020385757,-0.046956983
2024-12-13,0.003571432,0.01641303,-0.003412973,0.049117015,0.009569451
2024-12-16,-0.008952611,-0.018779895,0.021421338,-0.043412493,0.018868484
2024-12-17,-0.025502293,-0.021557721,0.025875377,-0.025346979,-0.021252276
2024-12-18,0.01283244,0.047290135,-0.00272109,0.012753796,0.014218249
2024-12-19,-0.03333642,-0.021004273,-0.047428694,-0.052021185,-0.014218249
2024-12-20,-0.001885015,-0.007100622,-0.037850224,-0.009756175,0.002383791
2024-12-23,0.00938974,0.021152375,0.006506974,-0.027330894,-0.043802623
2024-12-24,0.0166825,0.006952519,-0.006506974,-0.005050516,0.007434978
2024-12-26,-0.014815086,0.004608303,0.00945075,-0.024344572,-0.012922645
2024-12-27,0.001863933,-0.011560822,0.025538242,0.007751977,-0.011066511
2024-12-30,-0.009354605,-0.014051753,-0.00344432,-0.016872561,0.006051456
2025-01-02,0.00375235,-0.002361276,-0.015647958,-0.019828806,-0.025975486
2025-01-03,0.018553408,0.007067167,0.060624622,0.015894374,0.033987547
2025-01-06,0.027200226,-0.007067167,0.093859781,0.028499338,0.039124794
2025-01-07,-0.008984786,-0.002366865,-0.024317308,-0.012853647,-0.002400962
2025-01-08,0.03372103,0.011778699,-0.001539646,-0.032876071,-0.004819286
2025-01-09,-0.021164811,-0.002344667,0.051550067,-0.005361943,-0.021978907
2025-01-10,-0.014362904,0.059242834,-0.007343974,-0.017627575,-0.002472189
2025-01-13,-0.021938723,-0.026907453,-0.046262648,-0.001368926,0.009852296
2025-01-14,-0.003703708,0.009049836,0.003596202,0.009543358,-0.009852296
2025-01-15,-0.003717476,-0.006779687,0.016277063,0.004062294,0.022032715
2025-01-16,0.011111225,-0.006825965,0.057830909,-0.002706362,0
2025-01-17,-0.011111225,-0.034846731,0.021202208,-0.013642776,0.01203384
2025-01-20,-0.005602256,-0.014285957,-0.011723464,0.001372684,-0.019324273
2025-01-21,0.001870908,-0.009638629,0.027908788,0,-0.002442004
2025-01-22,0.014842573,0.009638629,0.033825096,-0.004123717,-0.002447982
2025-01-23,-0.011111225,0.002395211,-0.026967926,-0.015267472,0.002447982
2025-01-24,0,-0.019324273,0.006810469,0,-0.002447982
2025-01-31,-0.02450641,0.00486619,-0.103853356,0.070204259,0.059470554
2025-02-03,-0.027080959,-0.019608471,-0.042559614,0.086141812,0.002306806
2025-02-04,0.032789823,-0.004962789,0.001047121,-0.021766276,0.006888661
2025-02-05,0.003787883,0.017263067,0.039502443,0.054710432,0.046935989
2025-02-06,0.020580708,-0.004901971,0.023366711,0.047466537,0.013015368
2025-02-07,-0.005571045,-0.014851758,-0.002460026,-0.017817843,-0.028417213
2025-02-10,0.0347702,-0.005501389,-0.024434025,-0.045985113,0.008830079
2025-02-11,0.001796946,0,0.008044287,0.008201569,0.004385972
2025-02-12,0.001793722,-0.006540904,-0.004014055,-0.020036027,-0.015435808
2025-02-13,0,0.051167088,0.047136855,-0.043802623,-0.022472856
2025-02-14,0.003577821,-0.012062872,0.007168489,-0.03673624,0.004535155
2025-02-17,0,-0.030559303,0.009478744,0.00771212,0
2025-02-18,0.01594365,0.003497381,-0.009478744,-0.002564104,0.0067644
2025-02-19,0.031144386,0.017305747,0.039678484,0.008945747,-0.00224972
2025-02-20,-0.005123837,-0.004914015,-0.03019974,0.011385322,-0.002254792
2025-02-21,-0.003430535,0.01467019,-0.011862535,0.003766483,0.022322355
2025-02-24,-0.015584731,0.004842624,-0.02171376,-0.00881063,0.006600684
2025-02-25,-0.001746725,-0.021978907,-0.022195732,0.005044147,0.002190581
2025-02-26,-0.010544913,0.012270093,0.012391732,0.0574379,0.013043663
2025-02-27,-0.00531445,-0.022195732,-0.018896634,0.054317221,-0.055508144
2025-02-28,-0.032493833,-0.038124058,-0.046233195,-0.029682544,-0.056352937
2025-03-04,0,-0.014088415,-0.021791986,-0.029396591,-0.007272759
2025-03-05,-0.009216655,0.022858138,0.036924026,0.02823717,0.009685306
2025-03-06,0.00554018,0.014784873,-0.003631651,0.045359249,0.05394039
2025-03-07,-0.011111225,-0.005073578,0,-0.030390634,-0.027779564
2025-03-10,0,0.004060919,-0.023666632,0.037020492,0.009345862
2025-03-11,-0.001863933,-0.009160369,-0.00053234,-0.029052323,-0.01169604
2025-03-12,0.02396428,0.013204864,0.057424619,0,0.007034027
2025-03-13,-0.003649639,0.014028286,0.004014055,-0.021777365,0.009302393
2025-03-14,0,-0.012515808,0.023751735,0.006928434,-0.037740328
2025-03-17,0.051658858,0.002515725,0.007308193,0.001150086,0.014320054
2025-03-18,0,0.007509422,-0.01467019,0.011428696,-0.009523882
2025-03-19,0.015504187,0.017305747,0.012240055,-0.016036999,-0.004796172
2025-03-20,0.028645598,-0.007380107,0.021661497,-0.015125361,0
2025-03-21,0.024611579,0.012270093,0.025853379,0.022029876,0.00718566
2025-03-24,-0.019640566,0.038282187,-0.018735911,-0.039771323,-0.012004946
2025-03-25,-0.011637704,0.032335381,-0.016686919,0.007134394,0.002412546
2025-03-26,0.026404174,0.009049836,0.028437935,0.016451605,-0.017011346
2025-03-27,0.006493529,-0.043735394,-0.033257222,-0.030771659,-0.030863575
2025-03-28,-0.026231012,-0.035932009,-0.037907566,-0.01087624,-0.015796507
2025-03-31,-0.040683577,-0.038791537,-0.044109715,-0.05110146,-0.019186484
2025-04-01,0.017153079,0.007074309,0.032502216,0.076297754,0.029406297
2025-04-02,0,-0.01164865,0.004558124,-0.031290158,-0.005607968
2025-04-03,-0.020619287,-0.012817402,-0.016815683,0.046575582,0.015220994
2025-04-04,-0.026386755,-0.010373537,-0.065841185,-0.023613848,-0.004036332
2025-04-07,-0.053077416,-0.068508853,-0.100372367,-0.029092961,-0.030803257
2025-04-08,0.005623258,0.000558191,0.028120309,-0.04015596,-0.065721007
2025-04-09,-0.00938974,-0.00671895,-0.026907453,-0.049879105,-0.015147555
2025-04-10,0.062177245,0.049325067,0.104632978,0.073915683,0.03880753
2025-04-11,-0.021506205,-0.052138008,-0.013187004,-0.025317808,-0.004905979
2025-04-14,0.017953804,0.010089772,-0.003324103,0,-0.001640689
2025-04-15,0.007092228,0.042048236,0.002217296,-0.003853569,0.006546668
2025-04-16,-0.034145276,-0.028751641,-0.037229342,-0.028722601,0.00271518
2025-04-17,0.007286007,0,0.005730675,0.01185004,-0.004347833
2025-04-18,0.003623192,0.029820589,0,0.020726131,0.021019367
2025-04-21,0.001806685,0.000534045,0.009101314,-0.002567396,0
2025-04-22,-0.007246409,-0.009117789,-0.015982075,0.007682496,0.032531725
2025-04-23,0.012646962,0.023430252,0.040591818,0.00508907,-0.004138651
2025-04-24,0,-0.005806298,-0.015029506,0.001268231,-0.007284111
2025-04-25,0,-0.000529521,0.033639786,-0.038764543,0.010389704
2025-04-28,0.001793722,0.001058761,-0.013100624,0.00263158,0.010282867
2025-04-29,0,0.019906367,-0.006615239,0.010457612,0.005102052
2025-04-30,-0.005390849,-0.011476391,-0.018420839,-0.005215136,0.020151815
2025-05-02,-0.021858794,-0.00631581,0.046776065,-0.005242476,-0.01558212
2025-05-07,0.005509656,-0.009549144,0.025479085,0.007853444,0.008575084
2025-05-08,0,-0.002668803,-0.002623985,-0.035836615,-0.053648759
2025-05-09,0.003656311,0.014854385,-0.001051525,-0.001352265,0.012114976
2025-05-12,0.049832374,0.030596112,0.025449309,0.030648635,-0.004197278
2025-05-13,-0.012227227,0.004585995,0.017789542,-0.014540904,-0.010570923
2025-05-14,0.008748962,0.002031489,0.037087069,0.010596126,0.015814773
2025-05-15,-0.00174368,-0.021539294,-0.027061922,-0.00793655,-0.010515344
2025-05-16,-0.008764298,0.00465478,0.019753729,-0.00666225,-0.00742709
2025-05-19,-0.017762456,-0.014553271,-0.025255118,-0.025729246,-0.012861914
2025-05-20,0.001790511,-0.007884404,0.01295484,0.002739728,-0.002159828
2025-05-21,-0.003584233,-0.007947062,-0.007453451,0.024325524,-0.001081666
2025-05-22,-0.018116438,-0.030239885,-0.018118261,-0.005354765,-0.008695707
2025-05-23,-0.009182801,-0.013800937,0.015621381,0.00401876,-0.000546001
2025-05-26,0.009182801,0.011055945,0.014888612,0.041890942,0.026409511
2025-05-27,-0.014733232,0,-0.002466092,0.048790164,-0.022593753
2025-05-28,0.036433902,0.021751809,0.026798193,0.018149319,0.020996734
2025-05-29,0.003571432,0.027064533,0.019048195,0.053688505,0.008488115
2025-05-30,0.001780944,-0.030297295,-0.036018299,-0.029990714,-0.009554213
2025-06-02,0.010619569,-0.007040376,0.014563364,0.010483497,-0.005347606
2025-06-04,0.01745245,0.010810916,0.047067511,-0.03658225,-0.005376357
2025-06-05,0.022242149,0.019169916,0.031676857,0.06288451,0.030265119
2025-06-09,0.011774737,0.042339829,0.019846296,0.148653495,0.0374691
2025-06-10,-0.010084119,-0.00405269,0.006528859,-0.027615167,0.007528266
2025-06-11,0.011754963,0.020101179,0.040388061,0.027615167,0.004987542
2025-06-12,-0.006700193,0.002484473,-0.01892801,-0.017664836,-0.010502722
2025-06-13,-0.020374219,-0.012484557,0,0.019608471,0.008012061
2025-06-16,-0.019048195,0.012484557,0.051717833,0.032476589,0.043909493
2025-06-17,0.015611765,0.017220598,0.00402415,-0.026668247,-0.014423327
2025-06-18,0.028839997,0.00486619,-0.010090903,0.063572804,0.16481653
2025-06-19,-0.010084119,0.004842624,-0.002030458,0.090026152,0.034312145
2025-06-20,0.005054771,0.014388737,0.043744549,0.097715473,0.067139303
2025-06-23,-0.025533302,-0.041318149,0.009680618,0.014903406,0.073312533
2025-06-24,0.042200354,0.022086787,0.070661357,0.04058528,0.001722653
2025-06-25,0.013136478,0.052021185,0.026573751,-0.014306396,-0.024391453
2025-06-26,-0.018107491,-0.035173614,0.024180798,-0.095166098,-0.082691716
2025-06-27,0.009917437,-0.02171376,-0.031198371,-0.035487595,-0.013500687
2025-06-30,-0.016584128,-0.007343974,0.027779564,-0.014888612,0.019231362
2025-07-01,0.006666691,0.031441526,-0.022511773,0.001665279,-0.001906578
2025-07-02,0.009917437,0.016529302,-0.023030247,-0.023570115,-0.038915416
2025-07-03,0.048163401,0.004672906,-0.001793722,0.013536586,0.003960401
2025-07-04,-0.007867861,-0.018824085,-0.029145961,-0.018660423,-0.015936592
2025-07-07,-0.025601398,-0.009546612,0.001846723,0.028693952,0.027724548
2025-07-08,-0.004874096,0.011919092,0.03978825,0.011579947,0.00778214
2025-07-09,-0.01642073,-0.007134394,-0.003552402,-0.004946424,-0.015625318
2025-07-10,0.009884759,-0.00718566,0.055377469,0.004946424,0.021422436
2025-07-11,0.025891414,0,-0.008453136,-0.013245227,-0.025367214
2025-07-14,-0.001598721,0.042359274,0.018503472,-0.028742469,-0.015936592
2025-07-15,0.019018006,-0.02803922,-0.005012542,-0.019048195,0.002006019
2025-07-16,0.015576639,-0.016726794,-0.008410479,-0.019418086,0.002002003
2025-07-17,0.030443751,0.011976191,-0.093791064,0.024649135,-0.026343975
2025-07-18,0.005979091,0.002378122,-0.001857011,-0.010489607,-0.006179216
2025-07-21,0.010378151,-0.007151401,0.012927235,0,-0.008298803
2025-07-22,-0.026907453,-0.01203384,-0.0147877,-0.007054703,-0.021053409
2025-07-23,0.006042314,0.072376969,0.001860466,-0.026907453,-0.015005641
2025-07-24,-0.006042314,-0.020478531,0.001857011,-0.016498999,-0.019629856
2025-07-25,-0.001516301,-0.004608303,-0.013072082,0.030939684,0.03250557
2025-07-28,0.066054822,0.009195467,-0.015151805,0.001790511,0.004255326
2025-07-29,0.002836881,-0.002290952,0.001906578,0.001787311,-0.01067246
2025-07-30,0.027934777,0.022676709,0.003802286,0.005342844,0.004282662
2025-07-31,-0.016667052,-0.045879606,0.037248254,0.029748475,0.004264399
2025-08-01,-0.035641691,-0.014184635,-0.058342037,-0.04405999,-0.043485112
2025-08-04,0.01154414,0.004750603,0,-0.001803427,0.032789823
2025-08-05,0.002865331,-0.00237248,0.021093783,-0.012715884,-0.002152853
2025-08-06,-0.015861904,0,-0.019157674,0.037672616,-0.015201161
2025-08-07,0.024408965,0.009456335,0.01344881,0.113077145,0.030174703
2025-08-08,0.018271766,0,-0.021215839,0.00313972,-0.025807884
2025-08-11,-0.011204599,0,0.040119994,0.00625002,-0.028731258
2025-08-12,0.00140746,0.002350177,0.007462721,-0.007818648,0
2025-08-13,0.011188928,0.013986242,0.032909734,-0.003144657,0.008928631
2025-08-14,-0.004181191,0.006920443,-0.005410293,0.014073727,-0.002224695
2025-08-18,-0.022599832,-0.004608303,-0.033091255,0.009273637,0.006659292
2025-08-19,0,0.011481182,-0.016965534,0.003072199,-0.00221484
2025-08-20,0.007117468,0.006825965,-0.028931623,0.001532567,-0.017897569
2025-08-21,0.001417435,0.004524895,-0.041964199,-0.020108953,0.006749182
2025-08-22,0.011267725,-0.006795043,0.024194729,-0.006269613,-0.00449439
2025-08-25,0.00139958,0.009049836,0.033303763,0.017147731,0.015642777
2025-08-26,-0.016925651,-0.015891367,0.007677581,0.004626068,-0.020157457
2025-08-27,0.004258346,0.006841532,-0.005752652,-0.013942906,-0.013667639
2025-08-28,-0.014265577,0.009049836,0.032169283,-0.009404458,-0.002296212
2025-08-29,0.00143575,-0.009049836,0.001860466,-0.015873349,-0.013889112
2025-09-01,-0.030592335,0.002270149,-0.049533935,-0.021019367,0.004651171
2025-09-02,0.021946748,-0.002270149,0.017425417,-0.031537884,0.043139493
2025-09-03,0.010079279,0.006795043,0.007648221,-0.006768215,-0.017937701
2025-09-04,0.004288784,0,0.011363759,-0.006814336,0.026787316
2025-09-05,-0.008596041,-0.006795043,0.029686781,0,0.008771986
2025-09-08,0.008596041,-0.006841532,0.012715884,0.011894788,-0.004376375
2025-09-09,0.019774656,0.002285715,0.038942974,0.006734032,0.013072082
2025-09-10,0.015267472,0.006825965,0.054067221,0.005020931,0.010764367
2025-09-11,0.010959014,0.011274077,0.009820046,0,-0.002143624
2025-09-12,0.026883339,0.002239643,0.06768909,0.089373638,0.012793351
2025-09-15,0.014483466,-0.038773386,0.007581537,-0.023167059,-0.00851069
2025-09-16,0.037207627,0,0.050084104,-0.01733692,0.004264399
2025-09-17,-0.015228721,0.00464038,-0.042559614,-0.006379607,-0.006403437
2025-09-18,0.028987537,0.011507607,0.056825192,0.034594645,0.021187233
